Pathway identifier,Pathway name,#Entities found,#Entities total,Entities ratio,Entities pValue,Entities FDR,#Reactions found,#Reactions total,Reactions ratio,Species identifier,Species name,Submitted entities found,Mapped entities,Found reaction identifiers
R-HSA-8943724,"Regulation of PTEN gene transcription",2,2,0.0023612750885478157,0.48998080427248913,0.9898535600940358,13,13,0.01147396293027361,9606,Homo sapiens,"KDM1A;SALL4;ATN1;PTEN;PPARG;TP53;BAP1;GATAD2B;MTOR;EZH2","ENST00000371953;ENSG00000171862","R-HSA-8944104;R-HSA-8943817;R-HSA-6807077;R-HSA-8944397;R-HSA-8944078;R-HSA-8944047;R-HSA-8944099;R-HSA-8943811;R-HSA-8943780;R-HSA-8944420;R-HSA-8944026;R-HSA-8943728;R-HSA-5632939"
R-HSA-8951936,"RUNX3 regulates p14-ARF",2,2,0.0023612750885478157,0.48998080427248913,0.9898535600940358,2,2,0.00176522506619594,9606,Homo sapiens,"TGFB1;CDKN2A;EP300;KRAS;B9D2;RUNX1","ENSG00000147889;ENST00000579755","R-HSA-8952081;R-HSA-8952101"
R-HSA-8951911,"RUNX3 regulates RUNX1-mediated transcription",2,2,0.0023612750885478157,0.48998080427248913,0.9898535600940358,2,2,0.00176522506619594,9606,Homo sapiens,"RUNX1","ENST00000344691;ENSG00000159216","R-HSA-8951926;R-HSA-8951910"
R-HSA-5683826,"Surfactant metabolism",5,6,0.0070838252656434475,0.5490512730315085,0.9898535600940358,7,7,0.00617828773168579,9606,Homo sapiens,"CECR1;SFTPB;SLC34A1;SFTPC;ABCA3;SFTPD;PSAP;GATA6;SFTPA1;CSF2RA;MBL2","ENSG00000168484;ENSG00000133661;ENSG00000185303;ENSG00000122852;ENSG00000168878","R-HSA-5683879;R-HSA-5683840;R-HSA-5685296;R-HSA-5685201;R-HSA-5683836;R-HSA-5685290;R-HSA-5685208"
R-HSA-8941284,"RUNX2 regulates chondrocyte maturation",1,1,0.0011806375442739079,0.5610591122152324,0.9898535600940358,2,2,0.00176522506619594,9606,Homo sapiens,"IHH;RUNX2;GLI2","ENSG00000163501","R-HSA-8878257;R-HSA-8878266"
R-HSA-8939245,"RUNX1 regulates transcription of genes involved in BCR signaling",1,1,0.0011806375442739079,0.5610591122152324,0.9898535600940358,2,2,0.00176522506619594,9606,Homo sapiens,"BLK;RUNX1","ENSG00000136573","R-HSA-8938987;R-HSA-8938965"
R-HSA-8866906,"TFAP2 (AP-2) family regulates transcription of other transcription factors",1,1,0.0011806375442739079,0.5610591122152324,0.9898535600940358,2,2,0.00176522506619594,9606,Homo sapiens,"PITX2","ENSG00000164093","R-HSA-8864718;R-HSA-8864729"
R-HSA-397014,"Muscle contraction",1,1,0.0011806375442739079,0.5610591122152324,0.9898535600940358,1,1,8.8261253309797E-4,9606,Homo sapiens,"RYR1;RYR2;KCNK9;DYSF;MLC1;ATP2A2;ATP2A1;TAZ;ACTG2;RYR3;MYLK;SCN11A;SCN9A;NPPA;SCN5A;CLIC2;SCN1B;SCN1A;KCNH2;MYBPC3;MYBPC1;KCND3;TPM3;ACTN2;TNNC1;TPM2;CACNA2D1;CAD;TPM1;CACNA2D2;ABCC9;CACNA2D4;TRDN;ACTA2;CACNB2;ACTA1;SCN10A;CACNB4;MYH3;STIM1;TNNT1;TNNT2;SCN8A;MYL2;KCNQ1;TNNT3;AKAP9;MYL3;CASQ2;MYH8;ORAI1;SCN4A;SCN4B;VCL;MYH6;MYH7;KCNE1;KCNE2;KCNE3;NPR2;CAMK2A;ITPR1;ATP1A3;ATP1A2;CACNA1D;GATA4;CACNA1C;CACNA1F;TTN;PLN;TNNI2;DMD;MYH11;TNNI3;CACNA1S;CACNG2;SCN3B;NKX2-5;SCN3A;KCNJ2;KCNJ11;CAV3;NEB;TBX5;ACTC1;FGF14;DES;TCAP;RANGRF;CALM3;CALM1;SCN2A;FGF12;CALM2;SCN2B","ENSG00000175206","R-HSA-2032800"
R-HSA-5576891,"Cardiac conduction",1,1,0.0011806375442739079,0.5610591122152324,0.9898535600940358,1,1,8.8261253309797E-4,9606,Homo sapiens,"RYR1;RYR2;KCNK9;ATP2A2;ATP2A1;TAZ;RYR3;SCN11A;SCN9A;NPPA;SCN5A;CLIC2;SCN1B;SCN1A;KCNH2;KCND3;TNNC1;CACNA2D1;CACNA2D2;ABCC9;CACNA2D4;TRDN;CACNB2;SCN10A;CACNB4;STIM1;SCN8A;KCNQ1;AKAP9;CASQ2;ORAI1;SCN4A;SCN4B;KCNE1;KCNE2;KCNE3;NPR2;CAMK2A;ITPR1;ATP1A3;ATP1A2;CACNA1D;GATA4;CACNA1C;CACNA1F;PLN;TNNI3;CACNA1S;SCN3B;NKX2-5;CACNG2;SCN3A;KCNJ2;KCNJ11;TBX5;FGF14;RANGRF;CALM3;SCN2A;CALM1;FGF12;CALM2;SCN2B","ENSG00000175206","R-HSA-2032800"
R-HSA-186712,"Regulation of beta-cell development",1,1,0.0011806375442739079,0.5610591122152324,0.9898535600940358,1,1,8.8261253309797E-4,9606,Homo sapiens,"NOTCH1;PKLR;PAX4;PDX1;SLC2A2;HNF1B;PAX6;HNF1A;GCK;INS;NEUROD1;RFX6;HNF4A;AKT2;AKT1;PTF1A;NEUROG3;FGF10","ENSG00000254647","R-HSA-211289"
R-HSA-210745,"Regulation of gene expression in beta cells",1,1,0.0011806375442739079,0.5610591122152324,0.9898535600940358,1,1,8.8261253309797E-4,9606,Homo sapiens,"NEUROD1;PKLR;RFX6;HNF4A;AKT2;PDX1;SLC2A2;AKT1;PAX6;HNF1A;GCK;INS","ENSG00000254647","R-HSA-211289"
R-HSA-5578768,"Physiological factors",1,1,0.0011806375442739079,0.5610591122152324,0.9898535600940358,1,1,8.8261253309797E-4,9606,Homo sapiens,"NPR2;NPPA;GATA4;NKX2-5;TBX5;TAZ","ENSG00000175206","R-HSA-2032800"
R-HSA-2559585,"Oncogene Induced Senescence",3,4,0.004722550177095631,0.6395033153247798,0.9898535600940358,8,10,0.0088261253309797,9606,Homo sapiens,"RB1;ADSL;CDKN2A;CDK4;TP53","ENST00000304494;ENSG00000147889;ENST00000579755","R-HSA-8979082;R-HSA-3209109;R-HSA-3209111;R-HSA-3200023;R-HSA-3209096;R-HSA-3209114;R-HSA-3209098;R-HSA-3209151"
R-HSA-5610787,"Hedgehog 'off' state",2,3,0.0035419126328217238,0.7067662485277469,0.9898535600940358,4,6,0.00529567519858782,9606,Homo sapiens,"IFT172;GLI3;ADCY5;GLI2;TUBA1A;TUBB3;TTC21B;SUFU;DYNC2H1;OFD1;DYNC1H1;G6PC;IFT140;PTCH1;WDR19;IFT122;RPGRIP1L;KIF7;TUBB4A;WDR35;PSMB8;TUBB2B;TUBB2A;PRKAR1A;GPR161;MKS1;GNAS;RAPSN","ENSG00000074047;ENSG00000185920","R-HSA-5617413;R-HSA-5617410;R-HSA-5612508;R-HSA-5612510"
R-HSA-201722,"Formation of the beta-catenin:TCF transactivating complex",2,3,0.0035419126328217238,0.7067662485277469,0.9898535600940358,3,6,0.00529567519858782,9606,Homo sapiens,"KMT2D;CREBBP;TERT;EP300;TCF4;AXIN2;CDC73;SMARCA4;MEN1","ENSG00000196628;ENSG00000168646","R-HSA-4411351;R-HSA-4411372;R-HSA-3451147"
R-HSA-201681,"TCF dependent signaling in response to WNT",2,3,0.0035419126328217238,0.7067662485277469,0.9898535600940358,3,6,0.00529567519858782,9606,Homo sapiens,"KMT2D;CUL3;CHD8;LRP5;XIAP;CDC73;SOX2;SOX3;SOX17;TERT;PPP2R1A;AKT2;DBT;AKT1;EP300;SOST;SOX9;MEN1;CREBBP;G6PC;FZD4;CAV1;WNT5A;PPP2R5D;AXIN2;PSMB8;SMARCA4;APC;CCDC88C;TCF4;RAPSN","ENSG00000196628;ENSG00000168646","R-HSA-4411351;R-HSA-4411372;R-HSA-3451147"
R-HSA-6796648,"TP53 Regulates Transcription of DNA Repair Genes",16,22,0.025974025974025976,0.7245980214318386,0.9898535600940358,11,15,0.01323918799646955,9606,Homo sapiens,"FANCI;CTDP1;FANCC;BRCA1;MLH1;RAD51D;MSH2;FANCD2;ERCC2;SPAG1;PMS2;ATM;CDK13;TP53;ATR","ENSG00000175054;ENST00000278616;ENST00000357654;ENST00000310775;ENSG00000095002;ENST00000350721;ENSG00000158169;ENSG00000076242;ENSG00000122512;ENST00000419585;ENSG00000140525;ENSG00000185379;ENSG00000149311;ENST00000345365;ENSG00000012048;ENSG00000144554","R-HSA-6797606;R-HSA-6806405;R-HSA-6806419;R-HSA-6797616;R-HSA-6797712;R-HSA-6806413;R-HSA-6806412;R-HSA-6806394;R-HSA-6806425;R-HSA-6806392;R-HSA-6806408"
R-HSA-8941326,"RUNX2 regulates bone development",3,5,0.0059031877213695395,0.7790662365637869,0.9898535600940358,6,14,0.01235657546337158,9606,Homo sapiens,"RB1;SMAD4;SATB2;IHH;SMAD6;TAZ;RUNX2;GLI3;GLI2;COL1A1;AR;ABL1;SP7","ENSG00000108821;ENSG00000137834;ENSG00000163501","R-HSA-8878023;R-HSA-8985627;R-HSA-8985644;R-HSA-8878257;R-HSA-8878013;R-HSA-8878266"
R-HSA-8934593,"Regulation of RUNX1 Expression and Activity",1,2,0.0023612750885478157,0.8075184366279649,0.9898535600940358,10,11,0.009708737864077669,9606,Homo sapiens,"ADSL;PTPN11;RUNX1","ENST00000344691","R-HSA-8938440;R-HSA-8935864;R-HSA-8935785;R-HSA-8939129;R-HSA-8935930;R-HSA-8936058;R-HSA-8938507;R-HSA-8937134;R-HSA-8935766;R-HSA-8938487"
R-HSA-8939902,"Regulation of RUNX2 expression and activity",1,2,0.0023612750885478157,0.8075184366279649,0.9898535600940358,12,14,0.01235657546337158,9606,Homo sapiens,"BMP2;G6PC;MSX2;STAT1;TWIST1;NR3C1;RUNX2;PSMB8;RAPSN","ENSG00000124813","R-HSA-9008345;R-HSA-8939929;R-HSA-9007707;R-HSA-8939900;R-HSA-9009085;R-HSA-8985293;R-HSA-9007759;R-HSA-9016526;R-HSA-8939904;R-HSA-8940032;R-HSA-8939938;R-HSA-9007686"
R-HSA-8939247,"RUNX1 regulates transcription of genes involved in interleukin signaling",1,2,0.0023612750885478157,0.8075184366279649,0.9898535600940358,2,4,0.00353045013239188,9606,Homo sapiens,"LIFR;RUNX1","ENSG00000113594","R-HSA-8934688;R-HSA-8934690"
R-HSA-6804754,"Regulation of TP53 Expression",1,2,0.0023612750885478157,0.8075184366279649,0.9898535600940358,2,4,0.00353045013239188,9606,Homo sapiens,"TP53","ENSG00000141510","R-HSA-6804194;R-HSA-6804188"
R-HSA-4411364,"Binding of TCF/LEF:CTNNB1 to target gene promoters",1,2,0.0023612750885478157,0.8075184366279649,0.9898535600940358,2,4,0.00353045013239188,9606,Homo sapiens,"TCF4;AXIN2","ENSG00000168646","R-HSA-4411351;R-HSA-4411372"
R-HSA-1368082,"RORA activates gene expression",1,2,0.0023612750885478157,0.8075184366279649,0.9898535600940358,2,4,0.00353045013239188,9606,Homo sapiens,"GRIP1;CPT1A;CREBBP;EP300","ENSG00000110090","R-HSA-5663264;R-HSA-1801587"
R-HSA-2032785,"YAP1- and WWTR1 (TAZ)-stimulated gene expression",1,2,0.0023612750885478157,0.8075184366279649,0.9898535600940358,1,2,0.00176522506619594,9606,Homo sapiens,"NPPA;GATA4;NKX2-5;TBX5;TAZ;RUNX2","ENSG00000175206","R-HSA-2032800"
R-HSA-8941856,"RUNX3 regulates NOTCH signaling",1,2,0.0023612750885478157,0.8075184366279649,0.9898535600940358,2,6,0.00529567519858782,9606,Homo sapiens,"CREBBP;NOTCH1;JAG1;EP300","ENSG00000101384","R-HSA-8878212;R-HSA-8878193"
R-HSA-4641265,"Repression of WNT target genes",2,4,0.004722550177095631,0.8410424401820906,0.9898535600940358,4,4,0.00353045013239188,9606,Homo sapiens,"TCF4;AXIN2","ENST00000307078;ENSG00000168646","R-HSA-8944349;R-HSA-8944352;R-HSA-4641231;R-HSA-5229348"
R-HSA-917937,"Iron uptake and transport",2,4,0.004722550177095631,0.8410424401820906,0.9898535600940358,1,1,8.8261253309797E-4,9606,Homo sapiens,"SLC46A1;HFE;SLC40A1;TCIRG1;MCOLN1;CP;ALAD;TF;TFR2;TCTN2;FLVCR1;ATP6V0A2;ATP6V0A4;ACO2;FTL;ATP6V1B1","ENST00000331825;ENST00000409155","R-HSA-5690886"
R-HSA-8863678,"Neurodegenerative Diseases",2,4,0.004722550177095631,0.8410424401820906,0.9898535600940358,2,4,0.00353045013239188,9606,Homo sapiens,"APP;LMNA;FASLG","ENSG00000117560;ENSG00000142192","R-HSA-8870710;R-HSA-8870698"
R-HSA-8862803,"Deregulated CDK5 triggers multiple neurodegenerative pathways in Alzheimer's disease models",2,4,0.004722550177095631,0.8410424401820906,0.9898535600940358,2,4,0.00353045013239188,9606,Homo sapiens,"APP;LMNA;FASLG","ENSG00000117560;ENSG00000142192","R-HSA-8870710;R-HSA-8870698"
R-HSA-5358351,"Signaling by Hedgehog",3,6,0.0070838252656434475,0.8708890572906159,0.9898535600940358,6,10,0.0088261253309797,9606,Homo sapiens,"VCP;IFT172;CUL3;IHH;CDC73;GLI3;ADCY5;GLI2;SHH;TUBA1A;TUBB3;TTC21B;SUFU;CDON;EVC2;DYNC2H1;OFD1;DYNC1H1;G6PC;IFT140;PTCH1;PTCH2;WDR19;RDX;IFT122;RPGRIP1L;KIF7;TUBB4A;WDR35;PSMB8;SKI;TUBB2B;TUBB2A;EVC;PRKAR1A;GPR161;MKS1;GNAS;RAPSN","ENSG00000074047;ENSG00000117425;ENSG00000185920","R-HSA-5617413;R-HSA-5617410;R-HSA-5612508;R-HSA-5612510;R-HSA-5635848;R-HSA-5635850"
R-HSA-1912422,"Pre-NOTCH Expression and Processing",6,11,0.012987012987012988,0.8889939053201076,0.9898535600940358,16,22,0.019417475728155338,9606,Homo sapiens,"LFNG;NOTCH2;NOTCH3;ADSL;CREBBP;B4GALT1;NOTCH1;EP300;ATP2A2;ATP2A1;TP53;ST3GAL3","ENST00000263388;ENSG00000134250;ENST00000277541;ENSG00000148400;ENST00000256646;ENSG00000074181","R-HSA-1912413;R-HSA-1912412;R-HSA-1606682;R-HSA-1912415;R-HSA-9017835;R-HSA-1912409;R-HSA-1912407;R-HSA-1912367;R-HSA-1912366;R-HSA-1912363;R-HSA-1912362;R-HSA-4395227;R-HSA-1606561;R-HSA-4395231;R-HSA-1912416;R-HSA-9021364"
R-HSA-1912408,"Pre-NOTCH Transcription and Translation",6,11,0.012987012987012988,0.8889939053201076,0.9898535600940358,16,22,0.019417475728155338,9606,Homo sapiens,"NOTCH2;NOTCH3;CREBBP;ADSL;NOTCH1;EP300;TP53","ENST00000263388;ENSG00000134250;ENST00000277541;ENSG00000148400;ENST00000256646;ENSG00000074181","R-HSA-1912413;R-HSA-1912412;R-HSA-1606682;R-HSA-1912415;R-HSA-9017835;R-HSA-1912409;R-HSA-1912407;R-HSA-1912367;R-HSA-1912366;R-HSA-1912363;R-HSA-1912362;R-HSA-4395227;R-HSA-1606561;R-HSA-4395231;R-HSA-1912416;R-HSA-9021364"
R-HSA-8941332,"RUNX2 regulates genes involved in cell migration",1,3,0.0035419126328217238,0.915676563460847,0.9898535600940358,2,6,0.00529567519858782,9606,Homo sapiens,"MMP13;AKT2;AKT1;RUNX2","ENSG00000137745","R-HSA-8940001;R-HSA-8940007"
R-HSA-8935964,"RUNX1 regulates expression of components of tight junctions",1,3,0.0035419126328217238,0.915676563460847,0.9898535600940358,2,6,0.00529567519858782,9606,Homo sapiens,"OCLN;RUNX1","ENSG00000197822","R-HSA-8935980;R-HSA-8935988"
R-HSA-8869496,"TFAP2A acts as a transcriptional repressor during retinoic acid induced cell differentiation",1,3,0.0035419126328217238,0.915676563460847,0.9898535600940358,2,6,0.00529567519858782,9606,Homo sapiens,"HSPD1","ENSG00000144381","R-HSA-8869558;R-HSA-8869542"
R-HSA-8940973,"RUNX2 regulates osteoblast differentiation",1,3,0.0035419126328217238,0.915676563460847,0.9898535600940358,2,10,0.0088261253309797,9606,Homo sapiens,"RB1;COL1A1;AR;SATB2;ABL1;SP7;TAZ;RUNX2;GLI3","ENSG00000108821","R-HSA-8985627;R-HSA-8985644"
R-HSA-1257604,"PIP3 activates AKT signaling",2,5,0.0059031877213695395,0.917078799988225,0.9898535600940358,26,37,0.03265666372462489,9606,Homo sapiens,"FLG;CDKN1B;KDM1A;ATN1;PTEN;XIAP;PIK3CD;PIK3R2;PIK3R1;EGFR;FGF3;INS;FGF8;PPP2R1A;CD19;AKT2;SALL4;ERBB2;AKT1;ICOS;FGF23;PDGFRB;PDGFRA;KL;ADSL;G6PC;HGF;INSR;TSC2;PTPN11;PPP2R5D;IRAK4;GATAD2B;MTOR;PSMB8;VAV1;PIK3CA;KIT;PPARG;FGFR3;TP53;MET;BAP1;FGFR2;RAPSN;EZH2;FGF10;FGFR1","ENST00000371953;ENSG00000171862","R-HSA-8943817;R-HSA-6807077;R-HSA-8944522;R-HSA-8944650;R-HSA-2318752;R-HSA-8944397;R-HSA-8944078;R-HSA-8944706;R-HSA-8943811;R-HSA-8948569;R-HSA-8944026;R-HSA-8944538;R-HSA-8944599;R-HSA-8944104;R-HSA-8944684;R-HSA-8945709;R-HSA-8944047;R-HSA-8944099;R-HSA-8944483;R-HSA-8943780;R-HSA-8944420;R-HSA-8944632;R-HSA-8944569;R-HSA-8943728;R-HSA-8944497;R-HSA-5632939"
R-HSA-9006925,"Intracellular signaling by second messengers",2,5,0.0059031877213695395,0.917078799988225,0.9898535600940358,26,37,0.03265666372462489,9606,Homo sapiens,"CDKN1B;KDM1A;ATN1;PTEN;PIK3CD;FGF3;FGF8;PPP2R1A;AKT2;SALL4;AKT1;PRKCG;PDGFRB;PDGFRA;ADSL;G6PC;HGF;TSC2;PPP2R5D;IRAK4;VAV1;PIK3CA;PRKAR1A;KIT;PPARG;TP53;MET;RAPSN;FLG;ITPR1;XIAP;PIK3R2;PIK3R1;EGFR;ADCY5;INS;CD19;ERBB2;ICOS;FGF23;KL;INSR;PTPN11;GATAD2B;MTOR;PSMB8;CALM3;CALM1;FGFR3;CALM2;BAP1;FGFR2;EZH2;FGF10;FGFR1","ENST00000371953;ENSG00000171862","R-HSA-8943817;R-HSA-6807077;R-HSA-8944522;R-HSA-8944650;R-HSA-2318752;R-HSA-8944397;R-HSA-8944078;R-HSA-8944706;R-HSA-8943811;R-HSA-8948569;R-HSA-8944026;R-HSA-8944538;R-HSA-8944599;R-HSA-8944104;R-HSA-8944684;R-HSA-8945709;R-HSA-8944047;R-HSA-8944099;R-HSA-8944483;R-HSA-8943780;R-HSA-8944420;R-HSA-8944632;R-HSA-8944569;R-HSA-8943728;R-HSA-8944497;R-HSA-5632939"
R-HSA-6807070,"PTEN Regulation",2,5,0.0059031877213695395,0.917078799988225,0.9898535600940358,26,37,0.03265666372462489,9606,Homo sapiens,"ADSL;G6PC;KDM1A;ATN1;PTEN;XIAP;GATAD2B;MTOR;PSMB8;SALL4;AKT2;AKT1;PPARG;TP53;BAP1;RAPSN;EZH2","ENST00000371953;ENSG00000171862","R-HSA-8943817;R-HSA-6807077;R-HSA-8944522;R-HSA-8944650;R-HSA-2318752;R-HSA-8944397;R-HSA-8944078;R-HSA-8944706;R-HSA-8943811;R-HSA-8948569;R-HSA-8944026;R-HSA-8944538;R-HSA-8944599;R-HSA-8944104;R-HSA-8944684;R-HSA-8945709;R-HSA-8944047;R-HSA-8944099;R-HSA-8944483;R-HSA-8943780;R-HSA-8944420;R-HSA-8944632;R-HSA-8944569;R-HSA-8943728;R-HSA-8944497;R-HSA-5632939"
R-HSA-422475,"Axon guidance",2,5,0.0059031877213695395,0.917078799988225,0.9898535600940358,6,12,0.01059135039717564,9606,Homo sapiens,"RPL5;ITGA2B;ACTB;ACTG1;RPS6KA3;RPS19;TUBB3;SCN11A;SCN9A;DAG1;SCN1B;SCN1A;MAP2K1;G6PC;MAP2K2;HFE2;ANK2;ANK3;ANK1;CACNB2;SCN10A;CACNB4;TYROBP;COL4A2;COL4A1;SCN8A;COL4A4;COL4A3;KCNQ2;KCNQ3;COL4A5;EPHA2;FLG;PSEN2;CACNA1D;PIK3R2;PSEN1;CACNA1C;PIK3R1;CACNA1H;SPTA1;RRAS;CLTCL1;ABL1;MYH14;MYH11;CACNA1S;SCN3B;SCN3A;SPTBN2;PRNP;RDX;UPF3B;L1CAM;GRIN2B;RPS26;PTPRC;COL5A1;DLG3;GDNF;LHX3;DLG4;COL5A2;CNTN1;COL9A1;CNTN2;COL9A3;COL9A2;LHX4;SCN2A;RPS24;TUBA8;FGFR1;SCN2B;RET;ROBO2;ROBO3;GDI1;ITGB3;PIK3CD;TREM2;VLDLR;TUBA1A;SCN5A;HRAS;SPTAN1;CAP1;TRPC6;MMP2;ROM1;SPTB;MMP9;DNM1;DNM2;TUBB2B;COL2A1;TUBB2A;PIK3CA;COL6A2;RASA1;COL6A1;DCX;COL6A3;MYH9;SCN4A;SOS1;SHANK3;SCN4B;SOS2;MET;RAPSN;RPL11;CXCR4;SEMA3E;EGFR;CDC42;NRAS;RELN;ERBB2;PAK3;SEMA4A;LAMB2;RPL35A;LAMB1;PTPN11;TUBB4A;PSMB8;GRIN1;COL3A1;KRAS;AGRN","ENSG00000154134;ENSG00000185008","R-HSA-9011145;R-HSA-9010523;R-HSA-9014587;R-HSA-9011077;R-HSA-9010503;R-HSA-9011143"
R-HSA-9010553,"Regulation of expression of SLITs and ROBOs",2,5,0.0059031877213695395,0.917078799988225,0.9898535600940358,6,12,0.01059135039717564,9606,Homo sapiens,"ROBO2;RPL5;ROBO3;G6PC;RPL11;RPL35A;UPF3B;PSMB8;RPS26;RPS19;LHX3;DAG1;COL4A5;LHX4;RPS24;RAPSN","ENSG00000154134;ENSG00000185008","R-HSA-9011145;R-HSA-9010523;R-HSA-9014587;R-HSA-9011077;R-HSA-9010503;R-HSA-9011143"
R-HSA-376176,"Signaling by ROBO receptors",2,5,0.0059031877213695395,0.917078799988225,0.9898535600940358,6,12,0.01059135039717564,9606,Homo sapiens,"CAP1;ROBO2;RPL5;ROBO3;G6PC;RPL11;RPL35A;CXCR4;UPF3B;PSMB8;RPS26;CDC42;RPS19;LHX3;ABL1;DAG1;COL4A5;LHX4;PAK3;SOS1;SOS2;RPS24;RAPSN","ENSG00000154134;ENSG00000185008","R-HSA-9011145;R-HSA-9010523;R-HSA-9014587;R-HSA-9011077;R-HSA-9010503;R-HSA-9011143"
R-HSA-5635851,"GLI proteins bind promoters of Hh responsive genes to promote transcription",2,5,0.0059031877213695395,0.917078799988225,0.9898535600940358,2,4,0.00353045013239188,9606,Homo sapiens,"PTCH1;PTCH2;GLI3;GLI2","ENSG00000117425;ENSG00000185920","R-HSA-5635848;R-HSA-5635850"
R-HSA-4086398,"Ca2+ pathway",2,5,0.0059031877213695395,0.917078799988225,0.9898535600940358,2,4,0.00353045013239188,9606,Homo sapiens,"ADSL;PDE6G;FZD4;WNT5A;CAMK2A;ITPR1;AXIN2;GNAO1;GNAT2;GNB1;TCF4;PDE6B;CALM3;PDE6A;CALM1;PLCB1;CALM2;PRKG1","ENST00000307078;ENSG00000168646","R-HSA-8944362;R-HSA-4411365"
R-HSA-5632684,"Hedgehog 'on' state",2,5,0.0059031877213695395,0.917078799988225,0.9898535600940358,2,4,0.00353045013239188,9606,Homo sapiens,"EVC2;G6PC;CUL3;PTCH1;PTCH2;RDX;IHH;KIF7;GLI3;CDC73;PSMB8;GLI2;SHH;EVC;GPR161;SUFU;RAPSN;CDON","ENSG00000117425;ENSG00000185920","R-HSA-5635848;R-HSA-5635850"
R-HSA-3858494,"Beta-catenin independent WNT signaling",2,5,0.0059031877213695395,0.917078799988225,0.9898535600940358,2,4,0.00353045013239188,9606,Homo sapiens,"CAMK2A;ITPR1;PRICKLE1;GNAT2;RAC2;PDE6B;PDE6A;PRKG1;PRKCG;ADSL;G6PC;PDE6G;FZD4;WNT5A;AXIN2;PSMB8;GNAO1;GNB1;TCF4;CALM3;ROR2;CALM1;PLCB1;CALM2;RAPSN","ENST00000307078;ENSG00000168646","R-HSA-8944362;R-HSA-4411365"
R-HSA-195253,"Degradation of beta-catenin by the destruction complex",2,6,0.0070838252656434475,0.957904152929241,0.9898535600940358,4,6,0.00529567519858782,9606,Homo sapiens,"G6PC;APC;PPP2R1A;PPP2R5D;TCF4;AXIN2;PSMB8;RAPSN","ENST00000307078;ENSG00000168646","R-HSA-8944349;R-HSA-8944352;R-HSA-4641231;R-HSA-5229348"
R-HSA-6803207,"TP53 Regulates Transcription of Caspase Activators and Caspases",2,6,0.0070838252656434475,0.957904152929241,0.9898535600940358,4,12,0.01059135039717564,9606,Homo sapiens,"CASP10;ATM;NLRC4;TP53;TP63","ENSG00000091106;ENSG00000003400","R-HSA-6801415;R-HSA-6801355;R-HSA-6798139;R-HSA-6798138"
R-HSA-195721,"Signaling by WNT",3,8,0.009445100354191263,0.9601808557175342,0.9898535600940358,9,16,0.01412180052956752,9606,Homo sapiens,"CHD8;CDC73;SOX2;SOX3;GNAT2;SOX17;PPP2R1A;AKT2;DBT;RAC2;AKT1;EP300;SOST;SOX9;PRKG1;MEN1;PRKCG;ADSL;G6PC;WNT5A;PPP2R5D;AXIN2;ROR2;PLCB1;RAPSN;KMT2D;CUL3;CAMK2A;ITPR1;LRP5;XIAP;PRICKLE1;TERT;PDE6B;PDE6A;WNT10A;CREBBP;PDE6G;FZD4;CAV1;WNT7A;PSMB8;SMARCA4;GNAO1;APC;CCDC88C;GNB1;TCF4;CALM3;CALM1;CALM2","ENSG00000196628;ENST00000307078;ENSG00000168646","R-HSA-8944362;R-HSA-4411351;R-HSA-8944349;R-HSA-4411365;R-HSA-8944352;R-HSA-4641231;R-HSA-5229348;R-HSA-4411372;R-HSA-3451147"
R-HSA-2892247,"POU5F1 (OCT4), SOX2, NANOG activate genes related to proliferation",3,8,0.009445100354191263,0.9601808557175342,0.9898535600940358,6,16,0.01412180052956752,9606,Homo sapiens,"SOX2;SALL1;ZIC3;SALL4;STAT3","ENSG00000168610;ENSG00000103449;ENSG00000156925","R-HSA-2972956;R-HSA-480470;R-HSA-2972975;R-HSA-452515;R-HSA-452958;R-HSA-2972978"
R-HSA-8866910,"TFAP2 (AP-2) family regulates transcription of growth factors and their receptors",3,8,0.009445100354191263,0.9601808557175342,0.9898535600940358,6,16,0.01412180052956752,9606,Homo sapiens,"TFAP2B;ERBB2;KIT;EGFR","ENSG00000157404;ENSG00000146648;ENSG00000141736","R-HSA-8874789;R-HSA-8864453;R-HSA-8864690;R-HSA-8864466;R-HSA-8874797;R-HSA-8864698"
R-HSA-8943723,"Regulation of PTEN mRNA translation",1,4,0.004722550177095631,0.9630952291582495,0.9898535600940358,13,24,0.02118270079435128,9606,Homo sapiens,"ADSL;PTEN","ENST00000371953","R-HSA-8944522;R-HSA-8944650;R-HSA-2318752;R-HSA-8944684;R-HSA-8945709;R-HSA-8944706;R-HSA-8944483;R-HSA-8944632;R-HSA-8948569;R-HSA-8944569;R-HSA-8944538;R-HSA-8944497;R-HSA-8944599"
R-HSA-6806003,"Regulation of TP53 Expression and Degradation",1,4,0.004722550177095631,0.9630952291582495,0.9898535600940358,2,8,0.00706090026478376,9606,Homo sapiens,"CDKN2A;PPP2R1A;CHEK2;AKT2;AKT1;ATM;TP53;MTOR","ENSG00000141510","R-HSA-6804194;R-HSA-6804188"
R-HSA-381340,"Transcriptional regulation of white adipocyte differentiation",7,15,0.01770956316410862,0.963415132114961,0.9898535600940358,7,15,0.01323918799646955,9606,Homo sapiens,"CEBPA;EGR2;CREBBP;TGFB1;LPL;MED13L;MED12;GRIP1;MED25;CDK4;LEP;EP300;PPARG;CD36;PLIN1;B9D2;PCK1","ENSG00000135218;ENSG00000245848;ENSG00000132170;ENSG00000166819;ENSG00000174697;ENSG00000175445;ENSG00000124253","R-HSA-560472;R-HSA-560491;R-HSA-560493;R-HSA-381283;R-HSA-1183003;R-HSA-560498;R-HSA-560517"
R-HSA-2559580,"Oxidative Stress Induced Senescence",4,10,0.011806375442739079,0.9644899801558672,0.9898535600940358,11,18,0.01588702559576346,9606,Homo sapiens,"ADSL;CDKN2A;CDK4;TP53;BAP1;EZH2","ENST00000304494;ENSG00000147889;ENST00000579755;ENSG00000106462","R-HSA-3229089;R-HSA-3222593;R-HSA-3223200;R-HSA-3229138;R-HSA-3240295;R-HSA-3209111;R-HSA-3240777;R-HSA-3209114;R-HSA-3240783;R-HSA-3209151;R-HSA-3229102"
R-HSA-5628897,"TP53 Regulates Metabolic Genes",4,10,0.011806375442739079,0.9644899801558672,0.9898535600940358,8,16,0.01412180052956752,9606,Homo sapiens,"GPI;G6PD;ADSL;SURF1;TACO1;PTEN;PRKAG2;TSC2;TSC1;LRPPRC;MTOR;COX6B1;RRM2B;SCO1;SCO2;AKT2;AKT1;CYCS;TP53;TP63;COX20","ENST00000371953;ENSG00000130489;ENSG00000171862;ENSG00000048392","R-HSA-5632887;R-HSA-5632759;R-HSA-2318752;R-HSA-2321904;R-HSA-5632993;R-HSA-5632892;R-HSA-5632766;R-HSA-5632939"
R-HSA-2892245,"POU5F1 (OCT4), SOX2, NANOG repress genes related to differentiation",2,7,0.008264462809917356,0.9790605054064316,0.9898535600940358,2,7,0.00617828773168579,9606,Homo sapiens,"SOX2;EOMES;GATA6","ENSG00000163508;ENSG00000141448","R-HSA-2972952;R-HSA-2972949"
R-HSA-8877330,"RUNX1 and FOXP3 control the development of regulatory T lymphocytes (Tregs)",2,7,0.008264462809917356,0.9790605054064316,0.9898535600940358,5,19,0.01676963812886143,9606,Homo sapiens,"IL2RA;FOXP3;RUNX1","ENSG00000049768;ENSG00000134460","R-HSA-8877396;R-HSA-8877391;R-HSA-8865547;R-HSA-8865546;R-HSA-8877385"
R-HSA-8878166,"Transcriptional regulation by RUNX2",5,13,0.015348288075560802,0.9821319044134013,0.9898535600940358,20,40,0.0353045013239188,9606,Homo sapiens,"RB1;SATB2;IHH;TWIST1;NR3C1;TAZ;GLI3;GLI2;AKT2;ABL1;AKT1;SOX9;SMAD4;G6PC;MSX2;STAT1;SMAD6;RUNX2;PSMB8;RUNX1;COL1A1;AR;BMP2;MMP13;CDK4;SP7;RAPSN","ENSG00000108821;ENSG00000124813;ENSG00000137745;ENSG00000137834;ENSG00000163501","R-HSA-8878023;R-HSA-8985293;R-HSA-8985644;R-HSA-9007759;R-HSA-9016526;R-HSA-8939904;R-HSA-8940032;R-HSA-8940001;R-HSA-8939938;R-HSA-9007686;R-HSA-8940007;R-HSA-9008345;R-HSA-8939929;R-HSA-9007707;R-HSA-8985627;R-HSA-8939900;R-HSA-9009085;R-HSA-8878257;R-HSA-8878013;R-HSA-8878266"
R-HSA-1236394,"Signaling by ERBB4",1,5,0.0059031877213695395,0.9838641898752283,0.9898535600940358,2,10,0.0088261253309797,9606,Homo sapiens,"WWOX;NRAS;PIK3CA;PSEN2;KRAS;PIK3R1;PSEN1;SOS1;HRAS;EGFR;GFAP","ENSG00000131095","R-HSA-8954185;R-HSA-1253321"
R-HSA-1251985,"Nuclear signaling by ERBB4",1,5,0.0059031877213695395,0.9838641898752283,0.9898535600940358,2,10,0.0088261253309797,9606,Homo sapiens,"WWOX;PSEN2;PSEN1;GFAP","ENSG00000131095","R-HSA-8954185;R-HSA-1253321"
R-HSA-5633007,"Regulation of TP53 Activity",1,5,0.0059031877213695395,0.9838641898752283,0.9898535600940358,2,10,0.0088261253309797,9606,Homo sapiens,"BLM;SLC22A5;PRKAG2;EHMT1;BRCA1;BRIP1;STK11;WRN;PPP2R1A;AKT2;CHEK2;RBBP8;AKT1;EP300;NBN;TP63;BARD1;BRPF1;CDKN2A;MRE11A;GATAD2B;MTOR;RAD50;KAT6A;ATM;DNA2;TP53;ATR","ENSG00000141510","R-HSA-6804194;R-HSA-6804188"
R-HSA-9006936,"Signaling by TGF-beta family members",1,5,0.0059031877213695395,0.9838641898752283,0.9898535600940358,1,5,0.00441306266548985,9606,Homo sapiens,"ACVRL1;BMPR2;SERPINE1;CBL;TAZ;PPP1CB;AMH;MEN1;TGIF1;SMAD4;SMAD3;TGFB1;USP9X;FOXH1;NOG;GDF2;SMAD9;SMAD6;ACVR2B;TGFBR1;TGFBR2;SKI;BMP2;B9D2;BMPR1B;BMPR1A","ENSG00000106366","R-HSA-2106586"
R-HSA-2173796,"SMAD2/SMAD3:SMAD4 heterotrimer regulates transcription",1,5,0.0059031877213695395,0.9838641898752283,0.9898535600940358,1,5,0.00441306266548985,9606,Homo sapiens,"TGIF1;SMAD4;SMAD3;SERPINE1;TAZ;MEN1","ENSG00000106366","R-HSA-2106586"
R-HSA-2173793,"Transcriptional activity of SMAD2/SMAD3:SMAD4 heterotrimer",1,5,0.0059031877213695395,0.9838641898752283,0.9898535600940358,1,5,0.00441306266548985,9606,Homo sapiens,"SKI;TGIF1;SMAD4;SMAD3;USP9X;SERPINE1;TAZ;MEN1","ENSG00000106366","R-HSA-2106586"
R-HSA-170834,"Signaling by TGF-beta Receptor Complex",1,5,0.0059031877213695395,0.9838641898752283,0.9898535600940358,1,5,0.00441306266548985,9606,Homo sapiens,"TGIF1;SMAD4;SMAD3;TGFB1;USP9X;SERPINE1;CBL;TAZ;TGFBR1;TGFBR2;SKI;PPP1CB;B9D2;MEN1","ENSG00000106366","R-HSA-2106586"
R-HSA-5683057,"MAPK family signaling cascades",3,10,0.011806375442739079,0.9888347917987284,0.9898535600940358,3,12,0.01059135039717564,9606,Homo sapiens,"RET;ITGB3;ITGA2B;HSPB1;ACTB;FGF3;ACTG1;SPRED1;SYNGAP1;FGF8;PPP2R1A;NEFL;RAG2;JAK2;JAK3;HRAS;SPTAN1;RAG1;FGB;PDGFRB;PDGFRA;FGA;MAP2K1;ADSL;MAP2K2;G6PC;VWF;ACTN2;MMP2;HGF;PPP2R5D;TYK2;IL17RD;SPTB;RASA1;AKAP9;RASA2;KIT;SOS1;RAF1;MET;VCL;RAPSN;FLG;CUL3;CAMK2A;IL2RG;CSF2RA;EGFR;SPTA1;CDC42;GRIN2A;NRAS;ERBB2;PAK3;FGF23;SPTBN2;KL;BRAF;PTPN11;GRIN2B;PSMB8;GRIN1;GDNF;DLG4;IL2RA;NF1;PPT1;KRAS;CALM3;TEK;CALM1;FGFR3;CALM2;FGFR2;FGF10;FGFR1","ENSG00000175097;ENSG00000087245;ENSG00000166349","R-HSA-5692785;R-HSA-5692794;R-HSA-5687099"
R-HSA-5687128,"MAPK6/MAPK4 signaling",3,10,0.011806375442739079,0.9888347917987284,0.9898535600940358,3,12,0.01059135039717564,9606,Homo sapiens,"CDC42;ADSL;G6PC;MMP2;HSPB1;RAG2;PAK3;PSMB8;RAPSN;RAG1","ENSG00000175097;ENSG00000087245;ENSG00000166349","R-HSA-5692785;R-HSA-5692794;R-HSA-5687099"
R-HSA-8864260,"Transcriptional regulation by the AP-2 (TFAP2) family of transcription factors",5,14,0.01652892561983471,0.9898535600940358,0.9898535600940358,10,29,0.02559576345984113,9606,Homo sapiens,"TFAP2B;WWOX;CREBBP;ERBB2;KIT;EP300;PITX2;EGFR;HSPD1","ENSG00000157404;ENSG00000146648;ENSG00000144381;ENSG00000141736;ENSG00000164093","R-HSA-8869558;R-HSA-8869542;R-HSA-8874789;R-HSA-8864453;R-HSA-8864690;R-HSA-8864466;R-HSA-8864718;R-HSA-8874797;R-HSA-8864698;R-HSA-8864729"
R-HSA-6803211,"TP53 Regulates Transcription of Death Receptors and Ligands",1,6,0.0070838252656434475,0.9929518997836969,0.9929518997836969,2,6,0.00529567519858782,9606,Homo sapiens,"FAS;TP53;TP63","ENSG00000026103","R-HSA-6799815;R-HSA-6800001"
R-HSA-1362277,"Transcription of E2F targets under negative control by DREAM complex",1,6,0.0070838252656434475,0.9929518997836969,0.9929518997836969,2,12,0.01059135039717564,9606,Homo sapiens,"MAX;CDC6","ENSG00000094804","R-HSA-8964498;R-HSA-8961619"
R-HSA-8878159,"Transcriptional regulation by RUNX3",5,15,0.01770956316410862,0.9943362487113064,0.9943362487113064,6,26,0.02294792586054722,9606,Homo sapiens,"SMAD4;CREBBP;JAG1;G6PC;TGFB1;SMAD3;NOTCH1;CDKN2A;TAZ;PSMB8;RUNX1;EP300;TCF4;KRAS;B9D2;TP53;RAPSN","ENSG00000147889;ENST00000344691;ENST00000579755;ENSG00000159216;ENSG00000101384","R-HSA-8878212;R-HSA-8878193;R-HSA-8952081;R-HSA-8952101;R-HSA-8951926;R-HSA-8951910"
R-HSA-382551,"Transport of small molecules",2,9,0.010625737898465172,0.9950451484786499,0.9950451484786499,1,2,0.00176522506619594,9606,Homo sapiens,"SLC46A1;ATP8A2;TUSC3;HFE;SLC4A1;AQP2;ABCA12;SLC4A4;LIPA;BEST1;NIPAL4;LIPC;SLC39A8;SLC16A2;SLC12A6;SLC39A4;SLC34A3;ABCG8;CUBN;ABCG5;SLC6A19;G6PC;SLC34A1;SLC35C1;CASK;RUNX1;SCNN1G;SLC5A7;AFG3L2;SLC9A6;MIP;TFR2;PRKAR1A;SCNN1B;SCNN1A;RAF1;CFTR;FTL;CETP;VCP;SLC26A2;SLC22A5;ABCB1;SLC35D1;ABCB7;ABCB4;MTTP;WNK4;CLCNKB;SLC1A3;LPL;SLC1A4;SLC5A1;SLC6A20;ACAT1;SLC5A5;TRPM1;SLCO1B1;ANKH;INPP5E;SLCO1B3;ATP6V0A2;ATP6V0A4;APOB;TRPM6;TRPM4;ABCA1;ATP8B1;ABCA3;SLC33A1;ABCA4;ERLIN2;CP;SLC2A9;SLC6A5;TF;EIF2S3;BMP1;WNK1;TRPV4;MYO5B;GNB1;GNAS;CALM3;ACO2;CALM1;SLC26A4;CALM2;SLC26A3;RYR1;RYR2;SLC2A1;SLC40A1;SLC2A2;HBB;ATP2A2;PCSK9;ATP2A1;MAGT1;VLDLR;TCIRG1;SLC6A1;RYR3;SLC6A3;SLC22A12;ALAD;ATP7B;CA2;TCTN2;CA4;FLVCR1;LDLRAP1;CLIC2;ATP7A;ABCD1;AMN;TRPC6;ABCC2;SLC2A10;ABCC6;AVPR2;NIPA1;HBA2;ABCC9;HBA1;ANO5;TRDN;SLC7A7;NPC1;SLC7A9;NPC2;PEX3;CASQ2;SLC29A3;RAPSN;ATP6V1B1;SLC24A1;SLC20A2;CAMK2A;ATP1A3;SLC3A1;ATP1A2;SPG7;ATP2C1;CLCN2;CLCN1;ADCY5;PLN;SLC17A5;BSND;ANO10;SLC17A8;SLC13A5;LDLR;SLC25A22;SLC35A2;SLC12A3;SLC35A1;SLC16A1;PEX19;SLC12A5;KCNJ11;SLC12A1;CTNS;MCOLN1;PSMB8;CLCN7;CLCN5;CLCN4;OSTM1;ATP13A2;MBTPS2","ENST00000331825;ENST00000409155","R-HSA-5690886"
R-HSA-8936459,"RUNX1 regulates genes involved in megakaryocyte differentiation and platelet function",2,9,0.010625737898465172,0.9950451484786499,0.9950451484786499,10,30,0.0264783759929391,9606,Homo sapiens,"KMT2D;ADSL;KMT2A;ITGA2B;EP300;GP1BA;GATA1;RUNX1","ENSG00000185245;ENSG00000005961","R-HSA-8936616;R-HSA-8936584;R-HSA-8935740;R-HSA-8936621;R-HSA-8936608;R-HSA-8936481;R-HSA-8935730;R-HSA-8935731;R-HSA-8936628;R-HSA-8936599"
R-HSA-9006934,"Signaling by Receptor Tyrosine Kinases",1,7,0.008264462809917356,0.9969244316386459,0.9969244316386459,2,12,0.01059135039717564,9606,Homo sapiens,"NCF2;NCF4;ACTB;FGF3;IGF1R;ACTG1;RPS6KA3;FGF8;PPP2R1A;AKT2;KAL1;AKT1;PDGFRB;MEF2A;PDGFRA;MEF2C;COL27A1;HGF;CYBB;CYBA;COL4A2;COL4A1;COL4A4;COL4A3;COL4A5;FLG;HPN;PSEN2;ITPR1;PIK3R2;MST1R;PSEN1;PIK3R1;ATP6V0A2;ATP6V0A4;FGF23;STAT5B;KL;TIA1;JUP;BDNF;INSR;CAV1;BRAF;IGF1;GRIN2B;GFAP;COL1A1;DIAPH1;COL1A2;COL5A1;COL5A2;COL9A1;COL9A3;CALM3;COL9A2;CALM1;FGFR3;CALM2;FGFR2;FGF10;FGFR1;LAMC3;ITGB3;FLT4;DOCK7;HSPB1;LAMC2;TCIRG1;SPRED1;TCTN2;JAK2;HRAS;PPP2R5D;NGF;MMP9;DNM1;VAV1;DNM2;COL2A1;PIK3CA;COL6A2;RASA1;COL6A1;KIT;COL6A3;SOS1;MET;ATP6V1B1;LAMA2;LAMA4;COL11A1;LAMA3;COL11A2;PLG;CBL;EGFR;INS;CDC42;NRAS;ERBB2;PAK3;NTRK1;WWOX;GALNT3;LAMB3;NOS3;STAT1;LAMB2;STAT3;LAMB1;PTPN11;MTOR;RIT1;COL3A1;SPAG1;KRAS","ENSG00000131095","R-HSA-8954185;R-HSA-1253321"
R-HSA-6803205,"TP53 regulates transcription of several additional cell death genes whose specific roles in p53-dependent apoptosis remain uncertain",1,7,0.008264462809917356,0.9969244316386459,0.9969244316386459,2,14,0.01235657546337158,9606,Homo sapiens,"CHM;NDRG1;TP53;TP63","ENSG00000104419","R-HSA-5633314;R-HSA-5633295"
R-HSA-380994,"ATF4 activates genes",1,7,0.008264462809917356,0.9969244316386459,0.9969244316386459,1,7,0.00617828773168579,9606,Homo sapiens,"EXOSC8;PARN;ASNS;EXOSC3","ENSG00000070669","R-HSA-1791118"
R-HSA-1368108,"BMAL1:CLOCK,NPAS2 activates circadian gene expression",2,10,0.011806375442739079,0.9976304496455272,0.9976304496455272,4,20,0.0176522506619594,9606,Homo sapiens,"GRIP1;F7;CREBBP;SERPINE1","ENSG00000057593;ENSG00000106366","R-HSA-5663127;R-HSA-5663124;R-HSA-549364;R-HSA-549428"
R-HSA-8953750,"Transcriptional Regulation by E2F6",2,10,0.011806375442739079,0.9976304496455272,0.9976304496455272,4,23,0.02030008826125331,9606,Homo sapiens,"MAX;RBBP8;EHMT1;BRCA1;BAP1;EZH2","ENSG00000101773;ENSG00000012048","R-HSA-9007625;R-HSA-9007615;R-HSA-9007605;R-HSA-9007606"
R-HSA-452723,"Transcriptional regulation of pluripotent stem cells",7,21,0.024793388429752067,0.9984511595736579,0.9984511595736579,13,35,0.03089143865842895,9606,Homo sapiens,"SOX2;EOMES;NR5A1;SMAD4;SALL1;ZIC3;SALL4;STAT3;SPAG1;GATA6;FOXP1","ENSG00000168610;ENSG00000163508;ENSG00000103449;ENSG00000101115;ENSG00000156925;ENSG00000141448;ENSG00000181449","R-HSA-2972975;R-HSA-452515;R-HSA-2972968;R-HSA-480685;R-HSA-2895778;R-HSA-480520;R-HSA-2972956;R-HSA-480470;R-HSA-2972952;R-HSA-2972949;R-HSA-452894;R-HSA-452958;R-HSA-2972978"
R-HSA-381042,"PERK regulates gene expression",1,8,0.009445100354191263,0.9986592441606696,0.9986592441606696,1,8,0.00706090026478376,9606,Homo sapiens,"EXOSC8;EIF2AK3;PARN;ASNS;EXOSC3","ENSG00000070669","R-HSA-1791118"
R-HSA-1538133,"G0 and Early G1",1,9,0.010625737898465172,0.9994160925924781,0.9994160925924781,2,19,0.01676963812886143,9606,Homo sapiens,"MAX;DYRK1A;CDC6","ENSG00000094804","R-HSA-8964498;R-HSA-8961619"
R-HSA-1643685,"Disease",2,12,0.014167650531286895,0.9994718095374668,0.9994718095374668,2,14,0.01235657546337158,9606,Homo sapiens,"RPL5;APP;MTRR;SLC4A1;ABCA12;SLC4A4;ACTB;SYNGAP1;RPS19;PPP2R1A;AKT2;DAG1;CYP1B1;AKT1;LRAT;SLC12A6;MCCC2;SLC34A3;CUBN;SLC6A19;ALG8;ALG9;ALG6;SLC34A1;SLC35C1;MCCC1;ALG2;ALG3;TALDO1;MOGS;ALG1;HSPG2;CYP27A1;SLC5A7;BTD;AKAP9;BTK;NHLRC1;CFTR;MMADHC;GNE;FLG;SLC22A5;ABCB1;SLC35D1;MAOA;ABCB4;PIK3R2;PIK3R1;SLC5A1;SLC6A20;AAAS;GNS;SLC5A5;CYP27B1;MC2R;ADAMTS13;HLCS;SI;CD19;NEU1;ADAMTS17;CHST14;ICOS;ARSB;ST3GAL3;ABCA1;STAT5B;CREBBP;JAG1;FZD4;ABCA3;SLC33A1;ABCA4;PMM2;BRAF;ERLIN2;CP;EXT1;SLC6A5;RPS26;EXT2;TF;STAR;TCN2;PAH;CALM3;CALM1;CALM2;RPS24;ATR;CD320;CDKN1B;GBE1;HEXB;HEXA;SLC6A3;GYS2;SLC22A12;LFNG;GYS1;SHH;ADAMTSL4;IDS;CD36;JAK2;HRAS;CAP1;SFTPB;CHST6;SLC2A10;GAA;SFTPC;SFTPD;AP3B1;CYP7B1;VAV1;SLC7A7;CYP21A2;SLC7A9;PACS1;KIT;RDH5;VAMP1;ALDOB;SLC29A3;RAPSN;CHST3;AHCY;CTDP1;SLC20A2;IDUA;RPL11;CXCR4;ABCB11;EGFR;CYP17A1;NRAS;LMNA;GPC3;SLC17A5;PMS2;MGAT2;SLC17A8;GPC6;RANBP2;SLC16A1;AGK;STAT1;GSS;STAT3;FMO3;MLH1;GCK;PSMB8;MIB1;SKI;B9D2;AGRN;DPAGT1;GALNT12;MPI;ITGA2B;IHH;FGF3;ACTG1;FGF8;NAGLU;CDH1;EP300;LARGE1;GYG1;SLC39A4;EPM2A;PDGFRB;PDGFRA;ABCG8;ABCG5;MAP2K1;G6PC;MAP2K2;HGF;ALG14;TSC2;LIG4;ALG13;ALG12;MAT1A;ALG11;DHDDS;DPM1;MSH6;DPM2;DPM3;SLC9A6;MSH2;RAF1;VCL;NOTCH2;NOTCH3;VCP;SLC26A2;NOTCH1;PSEN2;SLC1A3;PSEN1;CYP4F22;CSF2RA;CYP19A1;SLCO1B1;CYP11A1;PSAP;SLCO1B3;FGF23;STRA6;MPDU1;KL;SMAD4;TGFB1;SMAD3;SRD5A3;GFPT1;DOLK;B3GALT6;NFKB2;NFKBIA;SLC2A9;B3GALTL;G6PC3;CPS1;CYP11B2;CYP11B1;CHMP2B;TBXAS1;NF1;TCF4;SLC26A4;FGFR3;SLC26A3;FGFR2;GALK1;FGF10;FGFR1;ABCD4;POMT2;B4GALT1;TAT;ITGB3;POMT1;SLC40A1;SLC2A1;PTEN;SLC2A2;PIK3CD;FASLG;MTR;RLBP1;HK1;SGSH;SPRED1;ADAMTS2;GUSB;SLC37A4;ABCD1;PGM1;MBL2;FGB;HGSNAT;FGA;AMN;ABCC2;UGT1A1;VWF;GIF;ABCC8;ABCC6;AVPR2;PPP2R5D;ABCC9;VPS37A;IRAK4;MUT;POMGNT1;TGFBR1;TGFBR2;VCAN;LMBRD1;PCCA;PIK3CA;RASA1;RFT1;RASA2;PCCB;MAN1B1;DOCK2;SOS1;SLC25A4;MET;SLC24A1;GALT;LRP5;SLC3A1;CBL;HDAC8;TTR;ERBB2;UGT1A4;SLC35A2;SLC12A3;SLC35A1;KCNJ11;GALNT3;MMAA;MMAB;SLC12A1;RPL35A;PTPN11;MUC5B;MTOR;POMC;GALNS;GALE;PC;APC;GLB1;ERCC2;SPAG1;KRAS;SFTPA1;MMACHC","ENSG00000117560;ENSG00000142192","R-HSA-8870710;R-HSA-8870698"
R-HSA-69205,"G1/S-Specific Transcription",3,15,0.01770956316410862,0.9996394851340458,0.9996394851340458,6,28,0.02471315092674316,9606,Homo sapiens,"CDT1;ORC1;CDC6","ENSG00000085840;ENSG00000167513;ENSG00000094804","R-HSA-8961946;R-HSA-8961678;R-HSA-8961952;R-HSA-8961619;R-HSA-8961620;R-HSA-8961671"
R-HSA-539107,"Activation of E2F1 target genes at G1/S",3,15,0.01770956316410862,0.9996394851340458,0.9996394851340458,6,28,0.02471315092674316,9606,Homo sapiens,"CDT1;ORC1;CDC6","ENSG00000085840;ENSG00000167513;ENSG00000094804","R-HSA-8961946;R-HSA-8961678;R-HSA-8961952;R-HSA-8961619;R-HSA-8961620;R-HSA-8961671"
R-HSA-69206,"G1/S Transition",3,15,0.01770956316410862,0.9996394851340458,0.9996394851340458,6,30,0.0264783759929391,9606,Homo sapiens,"RB1;CDT1;G6PC;CDKN1B;MAX;CDC6;PSMB8;ORC4;ORC6;ORC1;CDK4;PPP2R1A;AKT2;MCM4;AKT1;POLE;RAPSN","ENSG00000085840;ENSG00000167513;ENSG00000094804","R-HSA-8961946;R-HSA-8961678;R-HSA-8961952;R-HSA-8961619;R-HSA-8961620;R-HSA-8961671"
R-HSA-428359,"Insulin-like Growth Factor-2 mRNA Binding Proteins (IGF2BPs/IMPs/VICKZs) bind RNA",1,10,0.011806375442739079,0.9997459570069562,0.9997459570069562,1,3,0.00264783759929391,9606,Homo sapiens,"ACTB","ENST00000331789","R-HSA-428296"
R-HSA-2559583,"Cellular Senescence",4,18,0.021251475796930343,0.9997779802714847,0.9997779802714847,16,42,0.037069726390114736,9606,Homo sapiens,"RB1;ACD;ADSL;SLC22A5;CDKN1B;CDKN2A;STAT3;TINF2;MRE11A;EHMT1;RPS6KA3;RAD50;CDK4;CDH1;POT1;ATM;TPP1;NBN;TP53;BAP1;EZH2","ENST00000304494;ENSG00000147889;ENST00000579755;ENSG00000106462","R-HSA-3229138;R-HSA-8979082;R-HSA-3209109;R-HSA-3209111;R-HSA-3200023;R-HSA-3209114;R-HSA-3209151;R-HSA-3229089;R-HSA-3222593;R-HSA-3223200;R-HSA-3240295;R-HSA-3240777;R-HSA-3209096;R-HSA-3209098;R-HSA-3240783;R-HSA-3229102"
R-HSA-1852241,"Organelle biogenesis and maintenance",3,17,0.020070838252656435,0.9999146915332078,0.9999146915332078,4,26,0.02294792586054722,9606,Homo sapiens,"IFT172;CEP164;PRKAG2;PKD2;PKD1;GRIP1;TUBA1A;TUBB3;TCTN3;PPP2R1A;TCTN2;DBT;TCTN1;BBS9;BBS7;CEP290;CC2D2A;BBS5;BBS4;CDK5RAP2;DYNC2H1;IQCB1;OFD1;MEF2C;MKKS;CEP135;IFT140;IFT80;RPGRIP1L;WDR35;HCFC1;TUBB2B;BBS10;TUBB2A;POLG2;BBS12;RP2;TMEM216;AKAP9;CEP63;CNGB1;SDCCAG8;PAFAH1B1;ARL6;DCTN1;ATP5A1;TTBK2;ARL13B;TMEM67;TTC21B;NPHP1;INPP5E;RHO;NPHP3;NPHP4;PCNT;CCT5;BBS2;DYNC1H1;BBS1;CREBBP;C10orf2;NDE1;CEP152;WDR19;IDH2;IFT122;TUBB4A;GLUD1;AHI1;TTC8;CENPJ;ALMS1;MKS1;CYCS;TRIP11;B9D1;CALM3;B9D2;CEP41;CALM1;CLUAP1;CALM2;TUBA8","ENSG00000256525;ENSG00000107815;ENSG00000172115","R-HSA-1592235;R-HSA-2466370;R-HSA-1592239;R-HSA-1592231"
R-HSA-2151201,"Transcriptional activation of mitochondrial biogenesis",3,17,0.020070838252656435,0.9999146915332078,0.9999146915332078,4,26,0.02294792586054722,9606,Homo sapiens,"GLUD1;GRIP1;MEF2C;CREBBP;POLG2;C10orf2;IDH2;CYCS;CALM3;CALM1;CALM2;HCFC1","ENSG00000256525;ENSG00000107815;ENSG00000172115","R-HSA-1592235;R-HSA-2466370;R-HSA-1592239;R-HSA-1592231"
R-HSA-1592230,"Mitochondrial biogenesis",3,17,0.020070838252656435,0.9999146915332078,0.9999146915332078,4,26,0.02294792586054722,9606,Homo sapiens,"MEF2C;CREBBP;C10orf2;ATP5A1;IDH2;PRKAG2;HCFC1;GLUD1;GRIP1;POLG2;CYCS;CALM3;CALM1;CALM2","ENSG00000256525;ENSG00000107815;ENSG00000172115","R-HSA-1592235;R-HSA-2466370;R-HSA-1592239;R-HSA-1592231"
R-HSA-157118,"Signaling by NOTCH",6,25,0.0295159386068477,0.9999613349154908,0.9999613349154908,16,59,0.05207413945278023,9606,Homo sapiens,"NOTCH2;NOTCH3;ADSL;CREBBP;B4GALT1;JAG1;NOTCH1;STAT1;PSEN2;ATP2A2;ATP2A1;PSEN1;HDAC8;EGFR;MIB1;LFNG;CNTN1;EP300;TP53;ST3GAL3","ENST00000263388;ENSG00000134250;ENST00000277541;ENSG00000148400;ENST00000256646;ENSG00000074181","R-HSA-1912413;R-HSA-1912412;R-HSA-1606682;R-HSA-1912415;R-HSA-9017835;R-HSA-1912409;R-HSA-1912407;R-HSA-1912367;R-HSA-1912366;R-HSA-1912363;R-HSA-1912362;R-HSA-4395227;R-HSA-1606561;R-HSA-4395231;R-HSA-1912416;R-HSA-9021364"
R-HSA-9008059,"Interleukin-37 signaling",1,13,0.015348288075560802,0.9999792030190502,0.9999792030190502,1,1,8.8261253309797E-4,9606,Homo sapiens,"SMAD3;TBK1;STAT3;PTPN11","ENSG00000179295","R-HSA-9008894"
R-HSA-453279,"Mitotic G1-G1/S phases",3,20,0.023612750885478158,0.999990668471333,0.999990668471333,7,45,0.03971756398940865,9606,Homo sapiens,"CDKN1C;RB1;CDT1;G6PC;CDKN1B;CDKN2A;MAX;DYRK1A;CDC6;PSMB8;ORC4;ORC6;ORC1;CDK4;PPP2R1A;AKT2;ABL1;AKT1;MCM4;JAK2;POLE;RAPSN","ENSG00000085840;ENSG00000167513;ENSG00000094804","R-HSA-8961946;R-HSA-8961678;R-HSA-8961952;R-HSA-8964498;R-HSA-8961619;R-HSA-8961620;R-HSA-8961671"
R-HSA-2426168,"Activation of gene expression by SREBF (SREBP)",3,21,0.024793388429752067,0.9999955880171715,0.9999955880171715,6,42,0.037069726390114736,9606,Homo sapiens,"GRIP1;CREBBP;MVK;FASN;FAS;DHCR7","ENSG00000169710;ENSG00000110921;ENSG00000172893","R-HSA-2426148;R-HSA-2426157;R-HSA-1655843;R-HSA-1655827;R-HSA-2426155;R-HSA-1655846"
R-HSA-1655829,"Regulation of cholesterol biosynthesis by SREBP (SREBF)",3,21,0.024793388429752067,0.9999955880171715,0.9999955880171715,6,42,0.037069726390114736,9606,Homo sapiens,"GRIP1;CREBBP;MVK;FASN;FAS;DHCR7;MBTPS2","ENSG00000169710;ENSG00000110921;ENSG00000172893","R-HSA-2426148;R-HSA-2426157;R-HSA-1655843;R-HSA-1655827;R-HSA-2426155;R-HSA-1655846"
R-HSA-8957322,"Metabolism of steroids",3,21,0.024793388429752067,0.9999955880171715,0.9999955880171715,6,42,0.037069726390114736,9606,Homo sapiens,"MVK;AKR1D1;HSD17B3;HSD17B4;LRP2;ABCB11;CYP19A1;CYP17A1;SLCO1B1;GRIP1;CYP27B1;NSDHL;EBP;CYP11A1;SLCO1B3;LBR;HSD3B7;CUBN;CREBBP;SRD5A2;VDR;SLC10A2;SRD5A3;NR1H4;DHCR24;CYP7B1;BAAT;POMC;CYP27A1;AMACR;STAR;CYP21A2;CYP11B2;FASN;CYP11B1;FAS;DHCR7;MBTPS2","ENSG00000169710;ENSG00000110921;ENSG00000172893","R-HSA-2426148;R-HSA-2426157;R-HSA-1655843;R-HSA-1655827;R-HSA-2426155;R-HSA-1655846"
R-HSA-446652,"Interleukin-1 family signaling",1,15,0.01770956316410862,0.9999960985915153,0.9999960985915153,1,2,0.00176522506619594,9606,Homo sapiens,"APP;MAP2K1;IL1RN;G6PC;SMAD3;STAT3;PTPN11;IRAK4;HPS5;NOD2;PSMB8;NFKB2;NFKBIA;TBK1;IL1RAPL1;IL36RN;VHL;SQSTM1;RAPSN","ENSG00000179295","R-HSA-9008894"
R-HSA-9018519,"Estrogen-dependent gene expression",3,22,0.025974025974025976,0.9999979244806553,0.9999979244806553,6,61,0.05383936451897617,9606,Homo sapiens,"KANK1;ADSL;CREBBP;KDM1A;FPR1;GATA3;SMC3;SMC1A;CHD1;RUNX1;GRIP1;RAD21;SPAG1;EP300;CTSD","ENST00000284049.7;ENSG00000153922;ENSG00000117984","R-HSA-9012203;R-HSA-9012186;R-HSA-9012205;R-HSA-9023840;R-HSA-9023845;R-HSA-9023846"
R-HSA-8939211,"ESR-mediated signaling",3,22,0.025974025974025976,0.9999979244806553,0.9999979244806553,6,61,0.05383936451897617,9606,Homo sapiens,"KANK1;ADSL;CREBBP;KDM1A;FPR1;GATA3;SMC3;SMC1A;CHD1;RUNX1;GRIP1;RAD21;SPAG1;PPT1;EP300;CTSD","ENST00000284049.7;ENSG00000153922;ENSG00000117984","R-HSA-9012203;R-HSA-9012186;R-HSA-9012205;R-HSA-9023840;R-HSA-9023845;R-HSA-9023846"
R-HSA-9006931,"Signaling by Nuclear Receptors",3,22,0.025974025974025976,0.9999979244806553,0.9999979244806553,6,61,0.05383936451897617,9606,Homo sapiens,"KANK1;KDM1A;FPR1;PDHB;GATA3;SMC3;CHD1;GRIP1;RAD21;PDK3;EP300;DLAT;CTSD;PDHX;ADSL;CPT1A;CREBBP;PDHA1;PDX1;SMC1A;RUNX1;SPAG1;PPT1;RDH5;PKP1;DLD","ENST00000284049.7;ENSG00000153922;ENSG00000117984","R-HSA-9012203;R-HSA-9012186;R-HSA-9012205;R-HSA-9023840;R-HSA-9023845;R-HSA-9023846"
R-HSA-1989781,"PPARA activates gene expression",11,41,0.048406139315230225,0.9999989297257889,0.9999989297257889,11,41,0.03618711385701677,9606,Homo sapiens,"ABCA1;CPT1A;CREBBP;ABCB1;ABCB4;FHL2;NR1H4;AGT;MED13L;MED12;GRIP1;MED25;CPT2;ACOX1;ANKRD1;EP300;PPARG;HMGCS2;CD36;ACADM","ENSG00000005471;ENSG00000135218;ENSG00000117054;ENSG00000134240;ENSG00000157184;ENSG00000110090;ENSG00000135744;ENSG00000148677;ENSG00000165029;ENSG00000161533;ENSG00000115641","R-HSA-1989774;R-HSA-1989773;R-HSA-1801587;R-HSA-1989765;R-HSA-1989749;R-HSA-1989762;R-HSA-1989747;R-HSA-560517;R-HSA-1989779;R-HSA-1989760;R-HSA-1989745"
R-HSA-400206,"Regulation of lipid metabolism by Peroxisome proliferator-activated receptor alpha (PPARalpha)",11,41,0.048406139315230225,0.9999989297257889,0.9999989297257889,11,41,0.03618711385701677,9606,Homo sapiens,"ABCA1;CPT1A;CREBBP;ABCB1;ABCB4;FHL2;NR1H4;AGT;MED13L;MED12;GRIP1;MED25;CPT2;ACOX1;ANKRD1;EP300;PPARG;HMGCS2;CD36;ACADM","ENSG00000005471;ENSG00000135218;ENSG00000117054;ENSG00000134240;ENSG00000157184;ENSG00000110090;ENSG00000135744;ENSG00000148677;ENSG00000165029;ENSG00000161533;ENSG00000115641","R-HSA-1989774;R-HSA-1989773;R-HSA-1801587;R-HSA-1989765;R-HSA-1989749;R-HSA-1989762;R-HSA-1989747;R-HSA-560517;R-HSA-1989779;R-HSA-1989760;R-HSA-1989745"
R-HSA-69278,"Cell Cycle, Mitotic",3,24,0.02833530106257379,0.9999995469866938,0.9999995469866938,7,55,0.04854368932038835,9606,Homo sapiens,"CDKN1C;RB1;CDKN1B;CEP164;CASC5;BUB1B;SMC3;PHF8;PPP1CB;NIPBL;TUBA1A;TUBB3;CDH1;PPP2R1A;AKT2;DBT;AKT1;EP300;JAK2;CEP290;EMD;POLE;TMPO;CDK5RAP2;OFD1;CEP135;G6PC;DYRK1A;VRK1;PPP2R5D;VRK2;ESCO2;MASTL;LEMD3;SMC1A;TUBB2B;TUBB2A;AKAP9;MCM4;CEP63;DNA2;TP53;OPTN;RAPSN;SDCCAG8;MCPH1;PAFAH1B1;DCTN1;MAX;AAAS;HDAC8;ORC4;ORC6;ORC1;RAD21;POLD1;LMNA;ABL1;PCNT;NEK8;RANBP2;CDT1;DYNC1H1;CDKN2A;NDE1;CEP152;CDC6;TUBB4A;PSMB8;CDK4;CENPJ;ALMS1;TUBGCP6;CEP41;B9D2;TUBGCP4;LPIN1;LPIN2;TUBA8","ENSG00000085840;ENSG00000167513;ENSG00000094804","R-HSA-8961946;R-HSA-8961678;R-HSA-8961952;R-HSA-8964498;R-HSA-8961619;R-HSA-8961620;R-HSA-8961671"
R-HSA-400253,"Circadian Clock",3,24,0.02833530106257379,0.9999995469866938,0.9999995469866938,6,48,0.04236540158870256,9606,Homo sapiens,"PPP1CB;RAI1;GRIP1;F7;CPT1A;MEF2C;CREBBP;SERPINE1;DBT;EP300;SIK1;NR3C1","ENSG00000057593;ENSG00000110090;ENSG00000106366","R-HSA-5663127;R-HSA-5663124;R-HSA-5663264;R-HSA-1801587;R-HSA-549364;R-HSA-549428"
R-HSA-8878171,"Transcriptional regulation by RUNX1",8,37,0.043683589138134596,0.9999997552592413,0.9999997552592413,31,100,0.088261253309797,9606,Homo sapiens,"BLK;KMT2D;SMARCB1;KMT2A;ITGA2B;GATA3;GATA2;GATA1;CTSK;ABL1;EP300;SMARCE1;ADSL;CREBBP;G6PC;AUTS2;GP1BA;PTPN11;LIFR;ARID1A;SMARCA2;FOXP3;ARID1B;RUNX2;PSMB8;RUNX1;SMARCA4;OCLN;IL2RA;BAP1;RAPSN","ENSG00000049768;ENSG00000134460;ENST00000344691;ENSG00000185245;ENSG00000136573;ENSG00000197822;ENSG00000113594;ENSG00000005961","R-HSA-8936584;R-HSA-8938440;R-HSA-8938507;R-HSA-8877391;R-HSA-8865547;R-HSA-8865546;R-HSA-8877385;R-HSA-8877396;R-HSA-8938965;R-HSA-8935766;R-HSA-8936599;R-HSA-8936616;R-HSA-8935785;R-HSA-8938987;R-HSA-8935980;R-HSA-8936621;R-HSA-8937134;R-HSA-8934688;R-HSA-8936608;R-HSA-8936481;R-HSA-8934690;R-HSA-8935864;R-HSA-8939129;R-HSA-8935930;R-HSA-8936058;R-HSA-8935740;R-HSA-8935730;R-HSA-8935731;R-HSA-8935988;R-HSA-8936628;R-HSA-8938487"
R-HSA-1640170,"Cell Cycle",3,26,0.030696576151121605,0.9999999027543508,0.9999999027543508,7,59,0.05207413945278023,9606,Homo sapiens,"RB1;BUB1B;CASC5;SMC3;PPP1CB;HERC2;CDH1;TUBB3;PPP2R1A;CHEK2;AKT2;AKT1;EP300;NBN;TMPO;CDK5RAP2;G6PC;CEP135;TINF2;DYRK1A;VRK1;VRK2;ESCO2;LEMD3;DKC1;AKAP9;NHP2;DNA2;TP53;OPTN;BLM;SLC22A5;MAX;AAAS;ORC4;BRIP1;ORC6;ORC1;TERT;RAD21;ABL1;BARD1;NEK8;CDT1;ACD;CDC6;CDK4;FAM175A;TUBGCP6;ATM;TPP1;TUBGCP4;TUBA8;ATR;WRAP53;CDKN1C;CDKN1B;CEP164;BRCA1;BRCA2;SYNE2;SYNE1;PHF8;NIPBL;TUBA1A;DBT;JAK2;CEP290;EMD;POLE;OFD1;PPP2R5D;MASTL;SMC1A;TUBB2B;RAD51C;TUBB2A;MCM4;POT1;CEP63;RAPSN;SDCCAG8;MCPH1;PAFAH1B1;DCTN1;HDAC8;WRN;POLD1;LMNA;RBBP8;PCNT;RANBP2;DYNC1H1;CDKN2A;NDE1;CEP152;MRE11A;MLH1;TUBB4A;MLH3;PSMB8;RAD50;CENPJ;ALMS1;B9D2;CEP41;LPIN1;LPIN2","ENSG00000085840;ENSG00000167513;ENSG00000094804","R-HSA-8961946;R-HSA-8961678;R-HSA-8961952;R-HSA-8964498;R-HSA-8961619;R-HSA-8961620;R-HSA-8961671"
R-HSA-5633008,"TP53 Regulates Transcription of Cell Death Genes",4,29,0.03423848878394333,0.9999999193171563,0.9999999193171563,8,53,0.04677846425419241,9606,Homo sapiens,"CREBBP;CASP10;FAS;CHM;ATM;NLRC4;NDRG1;TP53;TP63","ENSG00000104419;ENSG00000091106;ENSG00000026103;ENSG00000003400","R-HSA-6801415;R-HSA-6799815;R-HSA-6800001;R-HSA-5633314;R-HSA-5633295;R-HSA-6801355;R-HSA-6798139;R-HSA-6798138"
R-HSA-3371556,"Cellular response to heat stress",4,31,0.03659976387249114,0.9999999821270488,0.9999999821270488,7,7,0.00617828773168579,9606,Homo sapiens,"RANBP2;VCP;CREBBP;HSPB8;CAMK2A;FPR1;HSPB1;CRYBA4;AAAS;MTOR;DNAJB6;BAG3;SERPINH1;EP300;ATM;CRYAB;ATR","ENSG00000105993;ENSG00000196431;ENSG00000149257;ENSG00000106211","R-HSA-3371554;R-HSA-4793819;R-HSA-3371467;R-HSA-5082356;R-HSA-5082369;R-HSA-5082384;R-HSA-3371518"
R-HSA-3371571,"HSF1-dependent transactivation",4,31,0.03659976387249114,0.9999999821270488,0.9999999821270488,4,4,0.00353045013239188,9606,Homo sapiens,"CREBBP;DNAJB6;HSPB8;CAMK2A;FPR1;SERPINH1;EP300;HSPB1;CRYBA4;CRYAB;MTOR","ENSG00000105993;ENSG00000196431;ENSG00000149257;ENSG00000106211","R-HSA-3371554;R-HSA-5082356;R-HSA-5082369;R-HSA-5082384"
R-HSA-3371568,"Attenuation phase",4,31,0.03659976387249114,0.9999999821270488,0.9999999821270488,3,3,0.00264783759929391,9606,Homo sapiens,"CREBBP;DNAJB6;FPR1;SERPINH1;EP300;HSPB1;CRYBA4","ENSG00000105993;ENSG00000196431;ENSG00000149257;ENSG00000106211","R-HSA-3371554;R-HSA-5082369;R-HSA-5082384"
R-HSA-3371453,"Regulation of HSF1-mediated heat shock response",4,31,0.03659976387249114,0.9999999821270488,0.9999999821270488,2,2,0.00176522506619594,9606,Homo sapiens,"RANBP2;DNAJB6;BAG3;SERPINH1;HSPB1;ATM;CRYBA4;AAAS;ATR","ENSG00000105993;ENSG00000196431;ENSG00000149257;ENSG00000106211","R-HSA-3371467;R-HSA-3371518"
R-HSA-3371511,"HSF1 activation",4,31,0.03659976387249114,0.9999999821270488,0.9999999821270488,1,1,8.8261253309797E-4,9606,Homo sapiens,"VCP;DNAJB6;SERPINH1;HSPB1;CRYBA4","ENSG00000105993;ENSG00000196431;ENSG00000149257;ENSG00000106211","R-HSA-4793819"
R-HSA-9020591,"Interleukin-12 signaling",5,36,0.04250295159386069,0.9999999969163491,0.9999999969163491,5,36,0.03177405119152692,9606,Homo sapiens,"CDC42;RANBP2;CA2;HNRNPA2B1;AIP;TALDO1;IL12B;TYK2;JAK2;IL12RB1;SOD1","ENSG00000142168;ENSG00000177156;ENSG00000110711;ENSG00000122566;ENSG00000070831","R-HSA-8950201;R-HSA-8950637;R-HSA-8950367;R-HSA-8950771;R-HSA-8950292"
R-HSA-8950505,"Gene and protein expression by JAK-STAT signaling after Interleukin-12 stimulation",5,36,0.04250295159386069,0.9999999969163491,0.9999999969163491,5,36,0.03177405119152692,9606,Homo sapiens,"CDC42;RANBP2;CA2;HNRNPA2B1;AIP;TALDO1;SOD1","ENSG00000142168;ENSG00000177156;ENSG00000110711;ENSG00000070831;ENSG00000122566","R-HSA-8950201;R-HSA-8950637;R-HSA-8950367;R-HSA-8950771;R-HSA-8950292"
R-HSA-381038,"XBP1(S) activates chaperone genes",9,47,0.05548996458087367,0.999999998780232,0.999999998780232,9,47,0.04148278905560459,9606,Homo sapiens,"ARSA;CUL7;ACADVL;FKBP14;DCTN1;WFS1;GOSR2;LMNA;GFPT1;TPP1;SEC63","ENSG00000204843;ENSG00000160789;ENSG00000166340;ENSG00000106080;ENSG00000044090;ENSG00000108433;ENSG00000109501;ENSG00000072778;ENSG00000198380","R-HSA-1791114;R-HSA-1791128;R-HSA-1791069;R-HSA-1791058;R-HSA-1791138;R-HSA-1791154;R-HSA-1791169;R-HSA-1791088;R-HSA-1791092"
R-HSA-3700989,"Transcriptional Regulation by TP53",25,80,0.09445100354191263,0.9999999992849652,0.9999999992849652,29,122,0.10767872903795234,9606,Homo sapiens,"GPI;CDKN1B;TACO1;PTEN;CHM;PRKAG2;EHMT1;BRCA1;STK11;CASP10;PPP2R1A;CHEK2;AKT2;AKT1;EP300;NBN;TP63;ADSL;G6PD;TSC2;TSC1;COX6B1;RAD51D;MSH2;SCO1;RRM2B;SCO2;FANCD2;KAT6A;DNA2;TP53;BLM;SLC22A5;CTDP1;NLRC4;NDRG1;BRIP1;WRN;RBBP8;PMS2;FANCI;BARD1;SURF1;CREBBP;BRPF1;CDKN2A;MRE11A;FANCC;MLH1;GATAD2B;MTOR;LRPPRC;RAD50;CENPJ;ERCC2;SPAG1;FAS;CYCS;ATM;CDK13;ATR;COX20","ENST00000278616;ENST00000310775;ENSG00000095002;ENSG00000026103;ENSG00000158169;ENSG00000076242;ENSG00000171862;ENSG00000003400;ENST00000371953;ENSG00000122512;ENSG00000140525;ENST00000419585;ENSG00000185379;ENSG00000149311;ENSG00000012048;ENSG00000048392;ENSG00000141510;ENSG00000175054;ENST00000357654;ENSG00000130489;ENST00000350721;ENSG00000104419;ENSG00000091106;ENST00000345365;ENSG00000144554","R-HSA-6797606;R-HSA-2318752;R-HSA-6804194;R-HSA-2321904;R-HSA-6797616;R-HSA-5633295;R-HSA-6798139;R-HSA-6806394;R-HSA-6798138;R-HSA-6806392;R-HSA-6801415;R-HSA-6799815;R-HSA-6806405;R-HSA-5632887;R-HSA-5632759;R-HSA-6800001;R-HSA-5632892;R-HSA-6806413;R-HSA-6806412;R-HSA-5632766;R-HSA-6801355;R-HSA-6806408;R-HSA-6806419;R-HSA-5632993;R-HSA-6797712;R-HSA-5633314;R-HSA-6804188;R-HSA-6806425;R-HSA-5632939"
R-HSA-447115,"Interleukin-12 family signaling",5,38,0.0448642266824085,0.9999999993136015,0.9999999993136015,5,38,0.03353927625772286,9606,Homo sapiens,"RANBP2;STAT1;STAT3;AIP;TALDO1;TYK2;SOD1;CDC42;CA2;HNRNPA2B1;IL12B;JAK2;IL12RB1","ENSG00000142168;ENSG00000177156;ENSG00000110711;ENSG00000122566;ENSG00000070831","R-HSA-8950201;R-HSA-8950637;R-HSA-8950367;R-HSA-8950771;R-HSA-8950292"
R-HSA-1430728,"Metabolism",14,59,0.06965761511216056,0.9999999994345098,0.9999999994345098,17,80,0.0706090026478376,9606,Homo sapiens,"RPL5;PRSS1;GLDC;ENO3;GCSH;NSDHL;CYP1B1;AKT1;PLCE1;LRAT;MLYCD;GAMT;CUBN;CACNA2D2;PHKA1;HOGA1;UPB1;HSPG2;PHKA2;SCO1;SCO2;PRKAR1A;ETHE1;HMBS;TMEM126A;NHLRC1;HPD;MTMR2;ABCB1;ABCB7;ABCB4;AAAS;PLA2G6;GNS;SLC5A5;LDHA;CYB5R3;HLCS;TTPA;PLCG2;PNPO;SLC19A3;CHST14;SLC19A2;ST3GAL3;ABCA1;CREBBP;CHKB;MTHFR;GLUD1;FA2H;SLC6A8;TCN2;QARS;PAH;FASN;PPT1;ADA;ITPA;GPI;PYGB;MOCS2;HEXB;HEXA;PRKAG2;PYGM;PYGL;MED12;MCEE;SMPD1;TK2;CHST6;ELOVL4;ARG1;PGAM2;BAAT;SUMF1;HADHB;HADHA;MED25;PLCB4;CYP21A2;IVD;DPYD;AGPS;POT1;PPARG;L2HGDH;PLIN1;PLCB1;MOCS1;DLD;CHST3;OCA2;ASAH1;FH;ECHS1;OAT;IDUA;ATP5A1;RPL11;ABCB11;ADCY5;UCP2;LDLR;BCHE;SLC16A1;PKLR;TPK1;AGK;KCNB1;GSS;AGL;NR1H4;FMO3;AGT;LRPPRC;PSMB8;FIG4;GATM;NMNAT1;AGRN;PPP1CB;STK11;NAGLU;UROD;IYD;GYG1;EPM2A;AIP;CACNB2;SMS;PKP1;SLC26A2;FECH;AK2;ITPR1;CYP4F22;CYP19A1;ACAT1;MTM1;SLCO1B1;TPO;CLTCL1;PSAP;SLCO1B3;PGK1;HACL1;SRD5A2;AGXT2;UROS;SRD5A3;ASNS;B3GALT6;PHKB;DHCR24;G6PC3;SYNJ1;UQCRQ;TBXAS1;TPP1;DHCR7;ACO2;SLC25A1;ALAS2;FHL2;PTEN;PIK3CD;ETFA;ETFB;FTCD;ALAD;NADK2;SPR;GM2A;IDH3B;PGM3;ACP5;HMGCS2;SLC37A4;LBR;PGM1;AMN;ADSL;UGT1A1;AMT;COASY;SLC25A15;RRM2B;PCCA;PIK3CA;SLC25A19;PCCB;AGXT;SLC25A12;FXN;ASPA;SLC25A4;CERS1;SLC25A13;NDUFB9;PRPS1;NDUFB3;TYRP1;LRP2;PDHB;HSD17B10;TTR;PHKG2;UGT1A4;D2HGDH;PCBD1;SLC25A20;ALOXE3;NDUFA9;KCNJ11;MMAA;MMAB;NDUFA2;DDHD2;NDUFA1;RPL35A;DDHD1;ASS1;DHODH;BCKDK;SUCLA2;PC;VAPB;IMPDH1;NAGS;MMACHC;PFKM;ISCA2;PANK2;SLC46A1;MTRR;HS6ST1;GBA2;PNP;RPS19;PPP2R1A;FLAD1;PDK3;MCCC2;ARSA;PDHX;CPT1A;ENTPD1;MCCC1;TALDO1;ACSL4;CYP27A1;GNPAT;POR;BTD;KARS;SUCLG1;ALDH7A1;MMADHC;GCDH;SLC45A2;RTEL1;SLC22A5;SLC35D1;MAOA;STXBP1;PIK3R2;PIK3R1;LIAS;CYP27B1;DGUOK;BRIP1;INPP5E;NEU1;ASL;B4GALNT1;APOB;PCK1;ARSE;ARSB;PCK2;CTSA;SURF1;SLC10A2;PYCR1;GDF1;GDF3;TYR;ACADSB;MED13L;EXT1;PARP10;RPS26;EXT2;ALDH6A1;TH;STAR;NDUFAF6;NDUFAF4;NDUFAF5;NDUFAF2;CALM3;NDUFAF1;ALDH18A1;CALM1;CTRC;CALM2;RPS24;CD320;MRPS16;GBE1;GYS2;GYS1;SPTLC1;AUH;SPTLC2;ACADL;ANKRD1;IDS;PHGDH;DLAT;CD36;ACADM;ACADS;ACAD8;MANBA;GAA;ACAD9;AMPD1;AMPD2;AMPD3;CYP7B1;APRT;PITPNM3;B3GNT1;ALDOB;UMPS;ALDOA;RAPSN;AHCY;AKR1D1;GBA;HSD17B3;HSD17B4;ALOX12B;PTS;CPN1;TYMP;CYP17A1;GPC3;GPC6;XDH;DUOX2;RANBP2;GCH1;NUBPL;PNPLA8;FAH;GCK;PDP1;ALDH4A1;MARS;FAS;PNPLA6;OTC;PNPLA2;NDUFA11;TACO1;NDUFA10;CPOX;GRIP1;ENPP1;EP300;HADH;SBF2;PHYH;G6PD;G6PC;HGD;SDHC;OCRL;SDHD;MAT1A;SDHA;SDHB;COX6B1;ALDH3A2;GPD2;COX15;CHAT;LPL;CACNA1A;CACNA1D;CACNA1C;EBP;CYP11A1;NDUFV2;PRODH;NDUFV1;MORC2;COX10;PDHA1;VDR;CAV1;SLC52A2;IDH2;SLC52A3;COQ9;ACSF3;QDPR;SEPSECS;GRHPR;COQ2;AMACR;CPS1;CYP11B2;CYP11B1;GNB1;GNAS;CYCS;MAN2B1;GALK1;COX20;ABCD4;ACADVL;B4GALT1;TAT;SLC2A1;SLC2A2;MTR;DBH;TAZ;PKD2;PKD1;GPHN;HK1;DHTKD1;SGSH;CPT2;CA2;CYP4V2;KYNU;DBT;CA4;GUSB;ABCD1;TSHB;HIBCH;BCKDHA;HGSNAT;GIF;ABCC8;BCKDHB;CAD;PPP2R5D;MUT;DNM2;VCAN;LMBRD1;NDUFS8;NDUFS7;NDUFS6;ACOX1;NDUFS4;RFT1;NDUFS3;NDUFS2;NDUFS1;FBP1;DDC;GALT;MVK;ETFDH;SAMHD1;AGPAT2;INS;HMGCL;MAT2A;CBS;OXCT1;GNA11;POLD1;PDSS2;PDSS1;CRYM;HSD3B7;NOS3;PDX1;SUOX;GALNS;GALC;POMC;GALE;GLB1;ERCC2;PMP22;GPD1L;LPIN1;LPIN2;GLA;MBTPS2","ENSG00000135218;ENSG00000110921;ENSG00000172893;ENSG00000135744;ENSG00000115641;ENSG00000005471;ENSG00000169710;ENSG00000117054;ENSG00000134240;ENSG00000157184;ENSG00000110090;ENSG00000148677;ENSG00000161533;ENSG00000165029","R-HSA-2426148;R-HSA-1801587;R-HSA-2426157;R-HSA-1655827;R-HSA-1989749;R-HSA-1989747;R-HSA-560517;R-HSA-1989779;R-HSA-2426155;R-HSA-1989745;R-HSA-1989774;R-HSA-1989773;R-HSA-1655843;R-HSA-1989765;R-HSA-1989762;R-HSA-1989760;R-HSA-1655846"
R-HSA-556833,"Metabolism of lipids",14,59,0.06965761511216056,0.9999999994345098,0.9999999994345098,17,80,0.0706090026478376,9606,Homo sapiens,"GBA2;PPP1CB;GRIP1;NSDHL;CYP1B1;EP300;MLYCD;HADH;SBF2;ARSA;CUBN;PHYH;CPT1A;OCRL;ACSL4;ALDH3A2;CYP27A1;GNPAT;GPD2;MTMR2;SLC22A5;ABCB1;ABCB4;CHAT;PIK3R2;PIK3R1;CYP4F22;PLA2G6;CYP19A1;ACAT1;MTM1;CYP27B1;SLCO1B1;EBP;CYP11A1;INPP5E;CLTCL1;NEU1;PSAP;SLCO1B3;HACL1;B4GALNT1;ARSE;MORC2;ARSB;CTSA;ABCA1;CREBBP;CHKB;SRD5A2;VDR;SLC10A2;CAV1;SRD5A3;GDF1;DHCR24;GDF3;ACSF3;MED13L;FA2H;AMACR;SYNJ1;STAR;CYP11B2;FASN;CYP11B1;TBXAS1;PPT1;DHCR7;SLC25A1;ACADVL;HEXB;HEXA;FHL2;PTEN;PRKAG2;PIK3CD;TAZ;PKD2;PKD1;MED12;MCEE;SPTLC1;SPTLC2;ACADL;GM2A;CPT2;SMPD1;ANKRD1;HMGCS2;CD36;ACADM;ACADS;LBR;ABCD1;ELOVL4;CYP7B1;BAAT;MUT;SUMF1;HADHB;HADHA;MED25;PCCA;PIK3CA;CYP21A2;ACOX1;PITPNM3;AGPS;PCCB;POT1;PPARG;PLIN1;DLD;CERS1;ASAH1;ECHS1;MVK;AKR1D1;GBA;HSD17B3;HSD17B4;ALOX12B;LRP2;ABCB11;AGPAT2;CPN1;CYP17A1;HMGCL;OXCT1;SLC25A20;ALOXE3;HSD3B7;BCHE;MMAA;PNPLA8;AGK;DDHD2;NR1H4;DDHD1;AGT;FIG4;GALC;POMC;VAPB;GLB1;FAS;PNPLA6;GPD1L;LPIN1;LPIN2;GLA;MBTPS2;PNPLA2","ENSG00000135218;ENSG00000110921;ENSG00000172893;ENSG00000135744;ENSG00000115641;ENSG00000005471;ENSG00000169710;ENSG00000117054;ENSG00000134240;ENSG00000157184;ENSG00000110090;ENSG00000148677;ENSG00000161533;ENSG00000165029","R-HSA-2426148;R-HSA-1801587;R-HSA-2426157;R-HSA-1655827;R-HSA-1989749;R-HSA-1989747;R-HSA-560517;R-HSA-1989779;R-HSA-2426155;R-HSA-1989745;R-HSA-1989774;R-HSA-1989773;R-HSA-1655843;R-HSA-1989765;R-HSA-1989762;R-HSA-1989760;R-HSA-1655846"
R-HSA-1266738,"Developmental Biology",17,66,0.07792207792207792,0.9999999996790054,0.9999999996790054,27,106,0.09355692850838482,9606,Homo sapiens,"RPL5;ACTB;SOX2;RPS6KA3;RPS19;SCN11A;AKT2;DAG1;AKT1;SCN1B;CDON;SCN1A;MEF2A;MEF2C;KRT2;FOXH1;ANK2;HFE2;HNF1B;ANK3;KRT5;HNF1A;ANK1;SCN10A;RFX6;KCNQ2;KCNQ3;EPHA2;FLG;GATA6;PIK3R2;PIK3R1;RRAS;PCK1;SCN3B;SCN3A;SPTBN2;EGR2;CREBBP;JUP;RDX;GDF1;UPF3B;L1CAM;GRIN2B;MED13L;RPS26;COL9A1;COL9A3;COL9A2;SCN2A;NODAL;RPS24;EZH2;SCN2B;RET;ROBO2;ROBO3;GDI1;CTCF;VLDLR;MED12;TUBA1A;HNF4A;CD36;HRAS;SPTAN1;CAP1;ROM1;PAX4;PAX6;NR5A1;MED25;TUBB2B;TUBB2A;COL2A1;PPARG;PLIN1;RAPSN;RPL11;CXCR4;EGFR;NRAS;RELN;PAK3;LEFTY2;PKLR;STAT3;TUBB4A;PSMB8;GCK;GRIN1;COL3A1;KRT16;B9D2;AGRN;ZNF335;PTF1A;NEUROG3;ITGA2B;ACTG1;TGM1;GRIP1;CDH3;SALL1;TUBB3;SALL4;SCN9A;EP300;TGM5;EOMES;MAP2K1;G6PC;MAP2K2;SPINK5;KRT74;FOXP1;CACNB2;CACNB4;TYROBP;COL4A2;COL4A1;SCN8A;COL4A4;COL4A3;PKP2;PKP1;COL4A5;DSC2;KMT2D;NOTCH1;PSEN2;LPL;CACNA1D;PSEN1;CACNA1C;CACNA1H;SPTA1;NEUROD1;CLTCL1;ABL1;MYH14;MYH11;CACNA1S;PRNP;SMAD4;TGFB1;SMAD3;PTPRC;COL5A1;DLG3;GDNF;LHX3;DLG4;CDK4;COL5A2;CNTN1;MYF6;CNTN2;TCF4;LHX4;TUBA8;FGF10;FGFR1;ITGB3;SLC2A2;PIK3CD;TREM2;ZIC3;SCN5A;KDM6A;DSP;TRPC6;MMP2;SPTB;MMP9;DNM1;DNM2;PIK3CA;COL6A2;RASA1;COL6A1;DCX;COL6A3;MYH9;SCN4A;DSG2;CDH15;SOS1;DSG4;SHANK3;SCN4B;SOS2;MET;CERS1;CEBPA;SEMA3E;KRT85;INS;KRT83;CDC42;ERBB2;CACNG2;LGI1;SEMA4A;LAMB2;PDX1;RPL35A;LAMB1;PTPN11;ACVR2B;CFC1;LEP;SPAG1;KRAS","ENSG00000135218;ENSG00000245848;ENSG00000154134;ENSG00000163508;ENSG00000166819;ENSG00000174697;ENSG00000156925;ENSG00000175445;ENSG00000254647;ENSG00000168610;ENSG00000132170;ENSG00000103449;ENSG00000101115;ENSG00000141448;ENSG00000124253;ENSG00000185008;ENSG00000181449","R-HSA-9011145;R-HSA-2972975;R-HSA-2972968;R-HSA-1183003;R-HSA-9011077;R-HSA-560517;R-HSA-9010503;R-HSA-9011143;R-HSA-2895778;R-HSA-480520;R-HSA-560472;R-HSA-480470;R-HSA-9010523;R-HSA-452894;R-HSA-452958;R-HSA-211289;R-HSA-2972978;R-HSA-560491;R-HSA-560493;R-HSA-452515;R-HSA-381283;R-HSA-480685;R-HSA-2972956;R-HSA-9014587;R-HSA-2972952;R-HSA-2972949;R-HSA-560498"
R-HSA-381070,"IRE1alpha activates chaperones",9,49,0.05785123966942149,0.9999999996995512,0.9999999996995512,9,49,0.04324801412180053,9606,Homo sapiens,"ARSA;CUL7;ACADVL;FKBP14;DCTN1;WFS1;GOSR2;LMNA;GFPT1;TPP1;SEC63","ENSG00000204843;ENSG00000160789;ENSG00000166340;ENSG00000106080;ENSG00000044090;ENSG00000108433;ENSG00000109501;ENSG00000072778;ENSG00000198380","R-HSA-1791114;R-HSA-1791128;R-HSA-1791069;R-HSA-1791058;R-HSA-1791138;R-HSA-1791154;R-HSA-1791169;R-HSA-1791088;R-HSA-1791092"
R-HSA-6783783,"Interleukin-10 signaling",4,39,0.04604486422668241,0.9999999999627611,0.9999999999627611,3,5,0.00441306266548985,9606,Homo sapiens,"IL1RN;IL10RB;IL10RA;STAT3;FPR1;IL12B;TYK2;TNFRSF1A","ENSG00000171051;ENSG00000113302;ENSG00000067182;ENSG00000136689","R-HSA-6785047;R-HSA-6784160;R-HSA-8937654"
R-HSA-2262752,"Cellular responses to stress",8,53,0.06257378984651712,0.9999999999970622,0.9999999999970622,23,53,0.04677846425419241,9606,Homo sapiens,"RB1;CDKN1B;NCF2;HSPB8;NCF4;HSPB1;EHMT1;NR3C1;NR3C2;RPS6KA3;TUBA1A;TUBB3;CDH1;EP300;NBN;ATP7A;CAP1;ADSL;G6PC;TINF2;CYBB;CYBA;AR;TUBB2B;TUBB2A;POT1;CRYAB;TP53;RAPSN;VCP;SLC22A5;DCTN1;CAMK2A;FPR1;CRYBA4;AAAS;DNAJB6;BAG3;SERPINH1;VHL;EGLN1;RANBP2;DYNC1H1;CREBBP;ACD;CDKN2A;TXNRD2;STAT3;MRE11A;TUBB4A;MTOR;PSMB8;SOD1;RAD50;CDK4;CYCS;ATM;TPP1;BAP1;TUBA8;EZH2;ATR","ENSG00000105993;ENST00000304494;ENSG00000147889;ENSG00000196431;ENST00000579755;ENSG00000149257;ENSG00000106462;ENSG00000106211","R-HSA-3229138;R-HSA-8979082;R-HSA-3209109;R-HSA-3209111;R-HSA-3200023;R-HSA-3209114;R-HSA-5082369;R-HSA-3371518;R-HSA-3209151;R-HSA-3229089;R-HSA-3222593;R-HSA-3371554;R-HSA-3223200;R-HSA-4793819;R-HSA-3240295;R-HSA-3371467;R-HSA-3240777;R-HSA-3209096;R-HSA-5082356;R-HSA-3209098;R-HSA-5082384;R-HSA-3240783;R-HSA-3229102"
R-HSA-909733,"Interferon alpha/beta signaling",4,43,0.05076741440377804,0.9999999999984205,0.9999999999984205,2,2,0.00176522506619594,9606,Homo sapiens,"STAT1;STAT2;ADAR;PTPN11;IRF6;TYK2;SAMHD1;PSMB8","ENSG00000117595;ENSG00000101347;ENSG00000204264;ENSG00000160710","R-HSA-1015702;R-HSA-1015699"
R-HSA-162582,"Signal Transduction",22,85,0.10035419126328217,0.9999999999990216,0.9999999999990216,69,226,0.1994704324801412,9606,Homo sapiens,"WIPF1;IFT172;SERPINE1;SMC3;MYLK;SYNGAP1;GNAT2;SOX17;AKT2;AKT1;PROK2;LRAT;MEF2A;PRKCG;MEF2C;PDYN;HSPG2;AR;RBP3;PRKAR1A;GPR161;AGTR1;AGTR2;FLG;HPN;FPR1;GATA3;GHRHR;GRIN2A;TERT;RAD21;ICOS;ST3GAL3;WNT10A;CREBBP;JAG1;JUP;FZD4;ABCA4;RDX;BRAF;GRIN2B;COL1A1;COL1A2;MKS1;PPT1;F13B;EZH2;RET;CDKN1B;PRKAG2;PTH1R;GLI3;GLI2;LFNG;SHH;TUBA1A;CASP10;TCTN2;NEFL;JAK2;JAK3;OFD1;IFT140;ROM1;TACR3;F2;WDR35;TUBB2B;TUBB2A;PLCB4;COL2A1;PPARG;RGR;PLCB1;DLD;PAFAH1B1;KANK1;COL11A1;COL11A2;EGFR;FGD1;ADCY5;FGD4;NRAS;PROKR2;RHO;FLNA;LDLR;EVC2;WWOX;USP9X;STAT1;NDE1;WDR19;STAT3;WNT7A;TUBB4A;GATAD2B;PSMB8;AGT;SKI;COL3A1;GPR143;AGRN;CHRM2;NCF2;NCF4;ITGA2B;GUCA1B;ATN1;GUCA1A;CASC5;FGF3;PPP1CB;STK11;FGF8;CDH1;TUBB3;SALL4;KAL1;LEPR;MEN1;MAP2K1;LHCGR;MAP2K2;COL27A1;MAG;MADD;PKP1;ROR2;SQSTM1;NOTCH2;NOTCH3;KMT2D;NOTCH1;CUL3;ITPR1;TTC21B;PSAP;ABL1;DRD2;STRA6;KL;TIA1;BDNF;HPS5;GFAP;REEP1;CDK4;NF1;NF2;TUBA8;BMPR2;LRRK2;ITGB3;FLT4;PTEN;PIK3CD;FASLG;ECE1;TCIRG1;CDC73;RLBP1;CNGA1;SOST;AMH;PRKG1;ADSL;PLEKHG2;TRPC6;VWF;PLEKHG5;AVPR2;NGF;SMC1A;SPTB;TNFRSF1A;EVC;PIK3CA;SOS1;SOS2;MET;CNGB1;SLC24A1;LRP5;PLG;LRP2;PDHB;IL2RG;HDAC8;CDC42;TTR;NTRK1;PTPN11;MTOR;APC;MYO1A;LEP;IL2RA;SPAG1;APP;ACTB;SOX2;SOX3;RPS6KA3;EDNRB;PNP;OPHN1;PPP2R1A;PDK3;SOX9;CDON;DYNC2H1;PDHX;CPT1A;ACTN2;FOXH1;MYO7A;RUNX1;KEL;AKAP9;BTK;TP53;CFTR;PIK3R2;PIK3R1;MST1R;MC2R;CD19;ATP6V0A2;ATP6V0A4;APOB;SPTBN2;STAT5B;INSR;GDF2;IGF1;RPE65;SMARCA4;MC1R;CCDC88C;COL9A1;COL9A3;CALM3;COL9A2;CALM1;CALM2;BAP1;ACVRL1;GDI1;MC4R;SUFU;RAC2;GNRHR;DLAT;HRAS;CTSD;SPTAN1;EDN3;STRADA;FSHB;NOG;TYK2;KIF7;IL17RD;VAV1;ARHGEF9;FSHR;KIT;RDH5;RAPSN;ARHGEF6;GUCY2D;PTH;WAS;XIAP;CXCR4;PRICKLE1;KISS1R;GPC3;PAK3;GPC6;RANBP2;DYNC1H1;GRIN1;MIB1;RIT1;FAS;B9D2;TJP2;KDM1A;IHH;BUB1B;NR3C1;IGF1R;ACTG1;GRIP1;KIF5A;EP300;PDE8B;RAG2;RGS9;RAG1;PDGFRB;PDGFRA;GHSR;CASR;G6PC;HGF;WNT5A;TSC2;CYBB;OCRL;TSC1;CYBA;RPGRIP1L;COL4A2;COL4A1;COL4A4;COL4A3;COL4A5;RAF1;VCL;VCP;PSEN2;LPL;PSEN1;RASGRP2;CSF2RA;SPTA1;MYH14;NPHP4;MYH11;FGF23;SMAD4;TGFB1;SMAD3;PDHA1;PTCH1;CAV1;PTCH2;SMAD9;IFT122;SMAD6;GNAO1;NFKBIA;DIAPH1;ARHGAP31;BMP2;COL5A1;GDNF;DLG4;COL5A2;GNB1;GNAS;CNTN1;TCF4;BMPR1B;FGFR3;FGFR2;BMPR1A;FGF10;FGFR1;GPSM2;B4GALT1;LAMC3;CHD8;DOCK7;HSPB1;ATP2A2;LAMC2;ATP2A1;TAZ;CHD1;GRM1;SPRED1;CASP8;GRM6;CYP4V2;DBT;TSHB;TGIF1;FGB;FGA;ARHGEF15;PDE4D;MMP2;PPP2R5D;AXIN2;IRAK4;MMP9;TGFBR1;DNM1;TGFBR2;DNM2;COL6A2;RASA1;COL6A1;RASA2;SAG;COL6A3;MYH9;ATP6V1B1;LAMA2;LAMA4;LAMA3;CAMK2A;CBL;INS;PDE11A;GNA11;ERBB2;PDE6C;PDE6B;PDE6A;GALNT3;LAMB3;PDE6G;NOS3;LAMB2;PDX1;LAMB1;ACVR2B;TSHR;POMC;KRAS;TEK","ENSG00000175097;ENST00000284049.7;ENSG00000074047;ENST00000277541;ENSG00000131095;ENSG00000153922;ENSG00000117425;ENSG00000171862;ENSG00000117984;ENSG00000074181;ENST00000371953;ENSG00000196628;ENST00000263388;ENSG00000134250;ENSG00000148400;ENST00000256646;ENSG00000087245;ENSG00000185920;ENST00000307078;ENSG00000168646;ENSG00000106366;ENSG00000166349","R-HSA-1606682;R-HSA-8944522;R-HSA-8944650;R-HSA-2318752;R-HSA-8944397;R-HSA-5612508;R-HSA-4641231;R-HSA-5612510;R-HSA-8944026;R-HSA-8944538;R-HSA-4411351;R-HSA-4395227;R-HSA-4395231;R-HSA-8944684;R-HSA-8945709;R-HSA-4411365;R-HSA-8944047;R-HSA-5692785;R-HSA-8943780;R-HSA-8944420;R-HSA-5692794;R-HSA-4411372;R-HSA-8944569;R-HSA-1912367;R-HSA-1912366;R-HSA-1912363;R-HSA-1912362;R-HSA-1606561;R-HSA-9021364;R-HSA-3451147;R-HSA-1912413;R-HSA-1912412;R-HSA-8943817;R-HSA-8954185;R-HSA-6807077;R-HSA-1912415;R-HSA-1912409;R-HSA-8944078;R-HSA-1912407;R-HSA-8944706;R-HSA-8943811;R-HSA-5617413;R-HSA-8948569;R-HSA-9012186;R-HSA-8944349;R-HSA-5617410;R-HSA-1253321;R-HSA-5635848;R-HSA-5635850;R-HSA-8944599;R-HSA-8944104;R-HSA-9012203;R-HSA-8944362;R-HSA-9017835;R-HSA-9012205;R-HSA-8944352;R-HSA-9023840;R-HSA-8944099;R-HSA-8944483;R-HSA-5229348;R-HSA-9023845;R-HSA-5687099;R-HSA-9023846;R-HSA-8944632;R-HSA-8943728;R-HSA-8944497;R-HSA-2106586;R-HSA-1912416;R-HSA-5632939"
R-HSA-8953897,"Cellular responses to external stimuli",8,55,0.06493506493506493,0.9999999999993362,0.9999999999993362,23,57,0.05030891438658429,9606,Homo sapiens,"RB1;CDKN1B;NCF2;HSPB8;NCF4;HSPB1;PRKAG2;EHMT1;NR3C1;WDR45;NR3C2;RPS6KA3;TUBA1A;TUBB3;CDH1;EP300;NBN;ATP7A;CAP1;ADSL;G6PC;TINF2;CYBB;TSC2;CYBA;TSC1;AR;TUBB2B;TUBB2A;POT1;CRYAB;TP53;RAPSN;VCP;SLC22A5;DCTN1;CAMK2A;FPR1;CRYBA4;AAAS;DNAJB6;BAG3;SERPINH1;VHL;EGLN1;RANBP2;DYNC1H1;CREBBP;ACD;CDKN2A;TXNRD2;STAT3;MRE11A;TUBB4A;MTOR;PSMB8;SOD1;RAD50;CDK4;CHMP2B;CYCS;ATM;TPP1;BAP1;TUBA8;EZH2;ATR","ENSG00000105993;ENST00000304494;ENSG00000147889;ENSG00000196431;ENST00000579755;ENSG00000149257;ENSG00000106462;ENSG00000106211","R-HSA-3229138;R-HSA-8979082;R-HSA-3209109;R-HSA-3209111;R-HSA-3200023;R-HSA-3209114;R-HSA-5082369;R-HSA-3371518;R-HSA-3209151;R-HSA-3229089;R-HSA-3222593;R-HSA-3371554;R-HSA-3223200;R-HSA-4793819;R-HSA-3240295;R-HSA-3371467;R-HSA-3240777;R-HSA-3209096;R-HSA-5082356;R-HSA-3209098;R-HSA-5082384;R-HSA-3240783;R-HSA-3229102"
R-HSA-381119,"Unfolded Protein Response (UPR)",10,61,0.07201889020070838,0.9999999999997057,0.9999999999997057,10,61,0.05383936451897617,9606,Homo sapiens,"ARSA;ACADVL;CUL7;WFS1;FKBP14;DCTN1;GOSR2;GFPT1;EIF2AK3;PARN;ASNS;LMNA;EXOSC8;TPP1;EXOSC3;MBTPS2;SEC63","ENSG00000204843;ENSG00000160789;ENSG00000166340;ENSG00000106080;ENSG00000044090;ENSG00000108433;ENSG00000109501;ENSG00000072778;ENSG00000198380;ENSG00000070669","R-HSA-1791114;R-HSA-1791128;R-HSA-1791118;R-HSA-1791069;R-HSA-1791058;R-HSA-1791138;R-HSA-1791154;R-HSA-1791169;R-HSA-1791088;R-HSA-1791092"
R-HSA-392499,"Metabolism of proteins",15,76,0.089728453364817,0.999999999999977,0.999999999999977,17,88,0.07766990291262135,9606,Homo sapiens,"RPL5;APP;PGAP1;DMP1;SMC3;ACTB;PEX26;HERC2;TFG;RPS19;GNAT2;DAG1;MPV17;MLYCD;FBXO7;EARS2;SEC63;ARSA;ALG8;COG8;ALG9;COG7;COG6;ALG6;COG5;SP110;COG4;SLC34A1;SLC35C1;ALG2;ALG3;COG1;ANK2;MOGS;ANK3;ALG1;BCS1L;HSPG2;ANK1;HCFC1;GNPAT;AR;LARS2;KARS;SIK1;TARS2;OBSL1;TP53;CFTR;GPLD1;GNE;AARS2;PRKDC;GATA6;UMOD;XPC;GATA4;GATA3;AAAS;OTOA;BRIP1;ADAMTS13;RAD21;INPP5E;NEU1;ADAMTS17;ST3GAL5;APOB;ARSE;ARSB;SPTBN2;ST3GAL3;CTSA;BARD1;B3GALNT2;ACE;ABCA3;FUCA1;PMM2;EIF2AK3;MYO5A;RAB27A;RAB39B;IGF1;HARS2;CP;RPS26;TF;QARS;REN;CALM3;CALM1;FBXL4;CALM2;BAP1;RPS24;AARS;GFM1;MRPS16;SERPINA1;PIGT;PIGO;PIGN;FKBP14;PIGQ;CHM;PCSK9;MAGT1;BRCA1;PIGV;FARS2;IFIH1;UCHL1;TUBA1A;ADAMTSL4;SGK196;CTSD;SPTAN1;CTSC;CAP1;SFTPB;MRPS22;FSHB;SFTPC;SFTPD;PAX6;F2;BAAT;SUMF1;F5;MRPL44;F7;F8;TUBB2B;F9;TUBB2A;ENAM;GAN;PIGA;AGPS;FAM20C;POT1;B3GNT1;PIGM;GARS;PIGL;PIGG;DLD;MATN3;RAPSN;RAB7A;SERPINC1;SATB2;GBA;ATP5A1;RPL11;HSD17B4;RNF135;LMAN1;WRN;STAMBPL1;SRP72;LMNA;EXOSC8;GPC3;SLC17A5;MGAT2;HARS;EXOSC3;CCT5;RANBP2;DYNC1H1;BCHE;MBD5;F10;USP9X;CDKN2A;STAT3;PEX10;KLHL3;PEX12;SNCAIP;PEX13;TUBB4A;PEX14;PSMB8;AGT;MARS;MSRB3;B9D2;OTC;PNPLA2;DPAGT1;GALNT12;MTFMT;TUSC3;PROS1;MPI;YARS2;PARK2;ACTG1;KIF5C;TUBB3;NPPA;KIF5A;EP300;LARGE1;RGS9;TECTA;MEN1;FBXW4;EPM2A;RARS2;PHYH;G6PC;ALG14;AIP;ALG13;MITF;ALG12;ALG11;KLHL41;TUFM;KCTD7;DHDDS;DPM1;DPM2;DPM3;TBC1D20;EEF1A2;STAMBP;CARS2;VCP;BLM;CUL7;CUL3;CSF2RA;SPTA1;FUT6;PSAP;NLRP3;HACL1;VARS2;FGF23;MPDU1;EIF2B5;YARS;DNAJC19;TRAPPC2;EIF2B4;TFAP2B;EIF2B3;SMAD4;EIF2B2;TGFB1;SMAD3;WFS1;SRD5A3;GFPT1;CHCHD10;ASNS;DOLK;HPS5;TRAPPC9;GNAO1;NFKBIA;BMP4;B3GALTL;GH1;COQ2;PROC;EIF2S3;AMACR;FAM175A;TBCE;GNB1;ALPL;TCF4;UBA1;SKIV2L;TPP1;TGFBI;CCDC22;ACO2;FBN1;TUBA8;WRAP53;POMT2;ACADVL;B4GALT1;PRKCSH;NGLY1;POMT1;PTEN;GTDC2;ETFB;TAZ;CDC73;BMP15;GMPPB;KBTBD13;MRPL3;FCGR3A;ADAMTS2;GMPPA;PGM3;EIF2B1;TSHB;MBL2;FGA;TSFM;MMP2;ATP6AP2;DARS2;FOXL2;PEX2;AXIN2;PEX1;SMC1A;POMGNT1;SPTB;DDOST;TGFBR1;TGFBR2;PEX7;VCAN;SARS2;PCCA;ACOX1;PEX6;PEX5;RFT1;SAG;MAN1B1;AGXT;SLC25A12;FXN;SLC25A4;SLC25A13;DCTN1;GOSR2;PARN;PLG;NOD2;HSPD1;INS;CECR1;HMGCL;DCAF17;TTR;RAB23;PDE6C;VHL;SNCA;ARFGEF2;TIMM8A;SLC35A1;GALNT3;LAMB2;RPL35A;LAMB1;MUC5B;ASXL1;POMC;APC;GLB1;COL7A1;LEP;RAB18;ERCC8;SFTPA1;GLA;FOLR1;MBTPS2;CUL4B","ENSG00000160789;ENSG00000133661;ENSG00000204843;ENSG00000166340;ENSG00000106080;ENSG00000168484;ENSG00000044090;ENSG00000185303;ENSG00000122852;ENSG00000108433;ENSG00000072778;ENSG00000109501;ENSG00000168878;ENSG00000198380;ENSG00000070669","R-HSA-1791128;R-HSA-5685296;R-HSA-1791069;R-HSA-5685201;R-HSA-1791058;R-HSA-1791154;R-HSA-5683836;R-HSA-1791088;R-HSA-5685208;R-HSA-1791092;R-HSA-1791114;R-HSA-5683879;R-HSA-1791118;R-HSA-5683840;R-HSA-1791138;R-HSA-1791169;R-HSA-5685290"
R-HSA-913531,"Interferon Signaling",6,96,0.11334120425029516,1.0,1.0,4,4,0.00353045013239188,9606,Homo sapiens,"RANBP2;CIITA;SP110;STAT1;IFNGR1;IFNGR2;STAT2;CAMK2A;PTPN11;ADAR;TYK2;AAAS;SAMHD1;MID1;PSMB8;FLNB;IRF6;JAK2","ENSG00000117595;ENSG00000179583;ENSG00000204264;ENSG00000101347;ENSG00000101871;ENSG00000160710","R-HSA-1015702;R-HSA-1031716;R-HSA-1015699;R-HSA-1031713"
R-HSA-877300,"Interferon gamma signaling",3,74,0.08736717827626919,1.0,1.0,2,2,0.00176522506619594,9606,Homo sapiens,"CIITA;SP110;STAT1;IFNGR1;IFNGR2;CAMK2A;PTPN11;IRF6;JAK2;MID1","ENSG00000117595;ENSG00000179583;ENSG00000101871","R-HSA-1031716;R-HSA-1031713"
R-HSA-6785807,"Interleukin-4 and 13 signaling",20,98,0.11570247933884298,1.0,1.0,11,21,0.018534863195057368,9606,Homo sapiens,"MAOA;ITGB2;F13A1;TWIST1;FASLG;PIK3R1;GATA3;IL2RG;SOX2;IL12B;AKT1;CD36;JAK2;JAK3;TGFB1;STAT1;MMP2;HGF;STAT3;HPS5;TYK2;MMP9;POMC;COL1A2;IL17F;B9D2;TP53","ENSG00000124491;ENSG00000135218;ENSG00000019991;ENSG00000105329;ENSG00000115415;ENSG00000115138;ENSG00000112116;ENSG00000113302;ENSG00000189221;ENSG00000117560;ENSG00000100985;ENSG00000164692;ENSG00000142208;ENSG00000160255;ENSG00000087245;ENSG00000122691;ENSG00000145675;ENSG00000181449;ENSG00000107485;ENSG00000141510","R-HSA-6785895;R-HSA-6793975;R-HSA-6797271;R-HSA-6790036;R-HSA-6797267;R-HSA-6789615;R-HSA-6797245;R-HSA-6789325;R-HSA-6788346;R-HSA-6790041;R-HSA-6789960"
R-HSA-1280215,"Cytokine Signaling in Immune system",35,266,0.3140495867768595,1.0,1.0,24,73,0.06443071491615181,9606,Homo sapiens,"APP;IL1RN;CSF3R;F13A1;SOX2;RPS6KA3;TBK1;PPP2R1A;AKT1;TNFSF11;IL12B;RAG2;RAG1;MEF2A;MEF2C;MAP2K1;G6PC;SP110;HGF;AIP;TALDO1;LIFR;MID1;EDAR;TP53;SQSTM1;MAOA;STXBP2;FPR1;TWIST1;PIK3R2;TNFRSF11B;GATA3;PIK3R1;TNFRSF11A;AAAS;CSF2RA;IL36RN;STAT5B;TGFB1;SMAD3;HPS5;NFKB2;SMARCA4;NFKBIA;GH1;COL1A2;IL7R;CIITA;CD40;EDA;TNFRSF13B;ITGB2;PIK3CD;FASLG;ADAR;TNFRSF13C;GHR;CA2;BLNK;CD36;JAK2;JAK3;EDARADD;CAP1;IFNGR1;IFNGR2;MMP2;PPP2R5D;IRAK4;TYK2;MMP9;VAV1;IL17RA;TNFRSF1A;PIK3CA;IL1RAPL1;IRF6;SOS1;SOS2;RAPSN;CTF1;CAMK2A;NOD2;IL2RG;SAMHD1;CBL;CDC42;IL21R;FLNB;VHL;IL12RB1;RANBP2;STAT1;IL10RB;STAT2;IL10RA;STAT3;PTPN11;PSMB8;SOD1;POMC;CD40LG;IL2RA;HNRNPA2B1;IL17F;B9D2","ENSG00000124491;ENSG00000179583;ENSG00000019991;ENSG00000115415;ENSG00000115138;ENSG00000142168;ENSG00000117595;ENSG00000100985;ENSG00000164692;ENSG00000142208;ENSG00000160255;ENSG00000087245;ENSG00000122691;ENSG00000101871;ENSG00000070831;ENSG00000145675;ENSG00000160710;ENSG00000141510;ENSG00000177156;ENSG00000135218;ENSG00000171051;ENSG00000110711;ENSG00000105329;ENSG00000204264;ENSG00000112116;ENSG00000113302;ENSG00000136689;ENSG00000189221;ENSG00000117560;ENSG00000101347;ENSG00000179295;ENSG00000122566;ENSG00000067182;ENSG00000181449;ENSG00000107485","R-HSA-6785895;R-HSA-8950637;R-HSA-6784160;R-HSA-6789615;R-HSA-6789325;R-HSA-1031716;R-HSA-1031713;R-HSA-6789960;R-HSA-6793975;R-HSA-6785047;R-HSA-6797271;R-HSA-8950201;R-HSA-6790036;R-HSA-6797267;R-HSA-8950367;R-HSA-9008894;R-HSA-1015702;R-HSA-6797245;R-HSA-8950771;R-HSA-1015699;R-HSA-8950292;R-HSA-6788346;R-HSA-8937654;R-HSA-6790041"
R-HSA-168256,"Immune System",35,270,0.3187721369539551,1.0,1.0,24,75,0.06619593998234775,9606,Homo sapiens,"APP;IL1RN;WIPF1;ACTB;SOX2;RPS6KA3;TBK1;PNP;HERC2;PPP2R1A;AKT2;IL12B;AKT1;TNFSF11;FBXO7;MEF2A;ARSA;MEF2C;SP110;TALDO1;UNC13D;CHIT1;BTK;SERPING1;ORAI1;TP53;CFB;CFH;MAOA;PRKDC;CFI;STXBP2;FPR1;TWIST1;PIK3R2;PIK3R1;GATA3;AAAS;MEFV;PLA2G6;GNS;C2;CD79A;CYB5R3;CD19;C9;TTPA;NEU1;ATP6V0A2;PLCG2;ATP6V0A4;APOB;ICOS;ARSB;ELANE;SPTBN2;CTSA;STAT5B;CREBBP;JUP;TREX1;FUCA1;SH2D1A;MYO5A;RAB27A;NBEAL2;SMARCA4;COL1A1;TF;COL1A2;F13B;CALM3;CDK13;CALM1;FBXL4;CALM2;SERPINA3;ITK;GPI;PYGB;CD40;LRSAM1;SERPINA1;GDI1;TNFRSF13B;HEXB;HBB;CD3G;PYGM;KIF11;MAGT1;TNFRSF13C;PYGL;C8B;CD3E;MMP20;IFIH1;TUBA1A;CASP10;CTSK;TCTN2;CD36;CTSF;JAK2;HRAS;CTSD;SPTAN1;JAK3;CTSC;CAP1;EDARADD;MANBA;ARG1;IFNGR1;GAA;IFNGR2;SFTPD;TYK2;AMPD3;F2;VAV1;APRT;SERPINB6;IL17RA;TUBB2B;TUBB2A;COL2A1;GAN;POT1;ALDOA;RAPSN;RAB7A;CSTB;ASAH1;GRN;CTF1;WAS;CPN1;RNF135;NRAS;FLNB;AGA;PAK3;IL12RB1;XDH;RANBP2;DYNC1H1;IL10RB;STAT1;IL10RA;AGL;STAT2;CARD9;STAT3;HUWE1;MRE11A;KLHL3;TUBB4A;PSMB8;COL3A1;CD40LG;HNRNPA2B1;CFHR5;IL17F;B9D2;CSF3R;NCF2;PROS1;NCF4;F13A1;UBE3A;UBE3B;MPO;PARK2;ACTG1;PLAU;KIF5C;CDH1;TUBB3;KIF5A;LAMP2;EP300;RAG2;GYG1;RAG1;FBXW4;EPM2A;MAP2K1;G6PC;HGF;TAP2;AIP;UBE4A;CYBB;TAP1;LIFR;CYBA;MID1;ATAD3A;KLHL41;KCTD7;EDAR;TYROBP;STIM1;PKP1;MASP2;MASP1;RAF1;SQSTM1;CARD11;VCL;DSC2;FTL;COL17A1;BLK;VCP;CUL7;CUL3;ITPR1;TNFRSF11B;PSEN1;TNFRSF11A;UBR1;RASGRP2;CSF2RA;CLEC7A;PSAP;ABL1;NLRP3;IL36RN;TGFB1;SMAD3;GLMN;HPS5;NFKB2;NFKBIA;GH1;DIAPH1;PTPRC;UBA1;MAN2B1;NF2;IL7R;TUBA8;CIITA;EDA;B4GALT1;PRKCSH;ITGB2;PTEN;PIK3CD;FASLG;ADAR;TREM2;DDX41;TCIRG1;GHR;KBTBD13;ALAD;FCGR3A;PSTPIP1;CASP8;GM2A;CA2;BLNK;PGM3;GUSB;ATP7A;CEP290;SNAP29;PRKG1;PGM1;MBL2;FGB;DSP;HGSNAT;FGA;CR2;MMP2;RNASET2;ATP6AP2;PPP2R5D;IRAK4;MMP9;DDOST;DNM1;DNM2;TNFRSF1A;ZAP70;MYH2;PIK3CA;NPC2;DNAJC5;IL1RAPL1;POLR1C;SAG;MYH9;IRF6;DOCK2;SOS1;SOS2;ATP6V1B1;CANT1;DCTN1;CAMK2A;NOD2;NLRC4;SAMHD1;CBL;IL2RG;AGPAT2;CDC42;CECR1;TTR;IL21R;VHL;NOS3;PTPN11;MUC5B;MTOR;SOD1;GALNS;POMC;POLR3A;POLR3B;GLB1;IMPDH1;IL2RA;SPAG1;RAB18;KRAS;TRIM37;SFTPA1;GLA;TRIM32","ENSG00000124491;ENSG00000179583;ENSG00000019991;ENSG00000115415;ENSG00000115138;ENSG00000142168;ENSG00000117595;ENSG00000100985;ENSG00000164692;ENSG00000142208;ENSG00000160255;ENSG00000087245;ENSG00000122691;ENSG00000101871;ENSG00000145675;ENSG00000070831;ENSG00000160710;ENSG00000141510;ENSG00000177156;ENSG00000135218;ENSG00000171051;ENSG00000110711;ENSG00000105329;ENSG00000204264;ENSG00000112116;ENSG00000113302;ENSG00000136689;ENSG00000189221;ENSG00000117560;ENSG00000101347;ENSG00000179295;ENSG00000122566;ENSG00000067182;ENSG00000181449;ENSG00000107485","R-HSA-6785895;R-HSA-8950637;R-HSA-6784160;R-HSA-6789615;R-HSA-6789325;R-HSA-1031716;R-HSA-1031713;R-HSA-6789960;R-HSA-6793975;R-HSA-6785047;R-HSA-6797271;R-HSA-8950201;R-HSA-6790036;R-HSA-6797267;R-HSA-8950367;R-HSA-9008894;R-HSA-1015702;R-HSA-6797245;R-HSA-8950771;R-HSA-1015699;R-HSA-8950292;R-HSA-6788346;R-HSA-8937654;R-HSA-6790041"
R-HSA-212436,"Generic Transcription Pathway",50,165,0.19480519480519481,1.0,1.0,102,345,0.30450132391879964,9606,Homo sapiens,"RB1;SMARCB1;TACO1;ITGA2B;SERPINE1;IHH;EHMT1;NR3C1;NR3C2;STK11;PPP2R1A;AKT2;CHEK2;NPPA;EP300;AKT1;SOX9;NBN;PITX2;TP63;MEN1;G6PD;G6PC;MSX2;TSC2;LIFR;TSC1;FOXP3;RUNX2;COX6B1;RUNX1;AR;MSH2;SCO1;FANCD2;SCO2;KAT6A;DNA2;TP53;NOTCH2;BLK;KMT2D;NOTCH3;BLM;SLC22A5;NOTCH1;KMT2A;MAX;TWIST1;GATA4;GATA3;GATA2;NDRG1;GATA1;BRIP1;ABL1;NKX2-5;FANCI;BARD1;TFAP2B;SMAD4;CREBBP;SURF1;TGFB1;BRPF1;JAG1;SMAD3;AUTS2;VDR;ESRRB;FANCC;NR0B1;SMAD6;SMARCA2;SMARCA4;COL1A1;OCLN;BMP2;CDK4;CYCS;ATM;TCF4;SP7;CDK13;BAP1;ATR;COX20;EZH2;GPI;CDKN1B;THRB;PTEN;CHM;PRKAG2;BRCA1;TAZ;NR2E3;GLI3;GLI2;MED12;CASP10;HNF4A;CTSK;ZNF41;TGIF1;ADSL;GP1BA;ARID1A;ARID1B;NR5A1;MED25;RAD51D;MMP13;RRM2B;KIT;PPARG;RAPSN;CTDP1;SATB2;NLRC4;EGFR;HSPD1;WRN;ERBB2;RBBP8;PMS2;SMARCE1;WWOX;CDKN2A;USP9X;STAT1;NR1H4;MRE11A;PTPN11;MLH1;TBX5;LRPPRC;GATAD2B;PSMB8;MTOR;SKI;RAD50;CENPJ;IL2RA;ERCC2;SPAG1;FAS;KRAS;B9D2","ENSG00000049768;ENST00000310775;ENSG00000108821;ENSG00000164093;ENSG00000137745;ENSG00000158169;ENSG00000136573;ENSG00000159216;ENSG00000171862;ENSG00000003400;ENSG00000140525;ENSG00000141736;ENSG00000048392;ENSG00000106366;ENSG00000012048;ENST00000357654;ENSG00000130489;ENSG00000104419;ENSG00000137834;ENST00000345365;ENSG00000144554;ENSG00000101384;ENST00000278616;ENSG00000095002;ENSG00000144381;ENSG00000026103;ENSG00000076242;ENSG00000113594;ENSG00000005961;ENSG00000175206;ENST00000371953;ENSG00000122512;ENSG00000146648;ENSG00000124813;ENST00000419585;ENSG00000101773;ENSG00000185379;ENSG00000149311;ENSG00000141510;ENSG00000163501;ENSG00000157404;ENSG00000175054;ENST00000579755;ENST00000350721;ENSG00000197822;ENSG00000147889;ENSG00000134460;ENST00000344691;ENSG00000185245;ENSG00000091106","R-HSA-8936584;R-HSA-8878212;R-HSA-9007759;R-HSA-8939904;R-HSA-8939929;R-HSA-6806394;R-HSA-6806392;R-HSA-8936599;R-HSA-8936616;R-HSA-8869542;R-HSA-5632887;R-HSA-8936621;R-HSA-8937134;R-HSA-8936608;R-HSA-5632892;R-HSA-8939938;R-HSA-8935864;R-HSA-8869558;R-HSA-9009085;R-HSA-8864690;R-HSA-8878257;R-HSA-8878013;R-HSA-8936628;R-HSA-8878266;R-HSA-8864698;R-HSA-8878023;R-HSA-8938440;R-HSA-6797606;R-HSA-8864453;R-HSA-8985293;R-HSA-9016526;R-HSA-8864718;R-HSA-9008345;R-HSA-8864466;R-HSA-6797616;R-HSA-5633295;R-HSA-6798139;R-HSA-6798138;R-HSA-8938965;R-HSA-8864729;R-HSA-6801415;R-HSA-8938987;R-HSA-8940001;R-HSA-8940007;R-HSA-8935930;R-HSA-9007615;R-HSA-5633314;R-HSA-9007605;R-HSA-9007606;R-HSA-8938487;R-HSA-9007625;R-HSA-2318752;R-HSA-8938507;R-HSA-6804194;R-HSA-8940032;R-HSA-8865547;R-HSA-8865546;R-HSA-8985627;R-HSA-8952081;R-HSA-6799815;R-HSA-8874789;R-HSA-5632759;R-HSA-8935980;R-HSA-8985644;R-HSA-8934688;R-HSA-8936481;R-HSA-8934690;R-HSA-8874797;R-HSA-5632766;R-HSA-6801355;R-HSA-8952101;R-HSA-5632993;R-HSA-8935740;R-HSA-8935730;R-HSA-6804188;R-HSA-8935731;R-HSA-8935988;R-HSA-2032800;R-HSA-8877391;R-HSA-8877385;R-HSA-9007686;R-HSA-9007707;R-HSA-8877396;R-HSA-2321904;R-HSA-8935766;R-HSA-8935785;R-HSA-6806405;R-HSA-6800001;R-HSA-6806413;R-HSA-6806412;R-HSA-8951910;R-HSA-6806408;R-HSA-8939129;R-HSA-8936058;R-HSA-8939900;R-HSA-6806419;R-HSA-8878193;R-HSA-6797712;R-HSA-2106586;R-HSA-6806425;R-HSA-5632939;R-HSA-8951926"
R-HSA-449147,"Signaling by Interleukins",29,174,0.20543093270365997,1.0,1.0,20,69,0.06090026478375993,9606,Homo sapiens,"APP;IL1RN;CSF3R;ITGB2;F13A1;PIK3CD;FASLG;SOX2;RPS6KA3;TBK1;CA2;PPP2R1A;BLNK;AKT1;IL12B;CD36;JAK2;RAG2;JAK3;RAG1;MEF2A;MEF2C;MAP2K1;G6PC;MMP2;HGF;AIP;TALDO1;LIFR;PPP2R5D;IRAK4;TYK2;MMP9;VAV1;IL17RA;TNFRSF1A;PIK3CA;IL1RAPL1;SOS1;TP53;SQSTM1;SOS2;RAPSN;CTF1;MAOA;STXBP2;FPR1;TWIST1;PIK3R2;NOD2;GATA3;PIK3R1;IL2RG;CBL;CSF2RA;CDC42;IL21R;IL36RN;VHL;IL12RB1;RANBP2;STAT5B;TGFB1;SMAD3;STAT1;IL10RB;STAT2;IL10RA;STAT3;PTPN11;HPS5;PSMB8;SOD1;NFKB2;SMARCA4;POMC;NFKBIA;COL1A2;IL2RA;HNRNPA2B1;IL17F;B9D2;IL7R","ENSG00000124491;ENSG00000019991;ENSG00000115415;ENSG00000115138;ENSG00000142168;ENSG00000100985;ENSG00000164692;ENSG00000142208;ENSG00000160255;ENSG00000087245;ENSG00000122691;ENSG00000070831;ENSG00000145675;ENSG00000141510;ENSG00000177156;ENSG00000135218;ENSG00000171051;ENSG00000110711;ENSG00000105329;ENSG00000112116;ENSG00000113302;ENSG00000136689;ENSG00000189221;ENSG00000117560;ENSG00000179295;ENSG00000122566;ENSG00000067182;ENSG00000181449;ENSG00000107485","R-HSA-6785895;R-HSA-8950637;R-HSA-6784160;R-HSA-6789615;R-HSA-6789325;R-HSA-6789960;R-HSA-6793975;R-HSA-6785047;R-HSA-6797271;R-HSA-8950201;R-HSA-6790036;R-HSA-6797267;R-HSA-8950367;R-HSA-9008894;R-HSA-6797245;R-HSA-8950771;R-HSA-8950292;R-HSA-6788346;R-HSA-8937654;R-HSA-6790041"
R-HSA-73857,"RNA Polymerase II Transcription",50,175,0.2066115702479339,1.0,1.0,102,356,0.3142100617828773,9606,Homo sapiens,"RB1;SMARCB1;TACO1;ITGA2B;SERPINE1;IHH;EHMT1;NR3C1;NR3C2;STK11;PPP2R1A;AKT2;CHEK2;NPPA;EP300;AKT1;SOX9;NBN;PITX2;TP63;MEN1;G6PD;G6PC;MSX2;TSC2;LIFR;TSC1;FOXP3;RUNX2;COX6B1;RUNX1;AR;MSH2;SCO1;FANCD2;SCO2;KAT6A;DNA2;TP53;NOTCH2;BLK;KMT2D;NOTCH3;BLM;SLC22A5;NOTCH1;KMT2A;MAX;TWIST1;GATA4;GATA3;GATA2;NDRG1;GATA1;BRIP1;ABL1;NKX2-5;FANCI;BARD1;TFAP2B;SMAD4;CREBBP;SURF1;TGFB1;BRPF1;JAG1;SMAD3;AUTS2;VDR;ESRRB;UPF3B;FANCC;NR0B1;SMAD6;SMARCA2;SMARCA4;COL1A1;OCLN;BMP2;CDK4;CYCS;ATM;TCF4;SP7;CDK13;BAP1;ATR;COX20;EZH2;GPI;CDKN1B;THRB;PTEN;CHM;PRKAG2;BRCA1;TAZ;NR2E3;CDC73;GLI3;GLI2;MED12;SNAPC5;CASP10;HNF4A;CTSK;ZNF41;TGIF1;ADSL;GP1BA;ARID1A;ARID1B;NR5A1;MED25;RAD51D;MMP13;RRM2B;KIT;PPARG;RAPSN;CTDP1;SATB2;NLRC4;EGFR;HSPD1;WRN;ERBB2;RBBP8;PMS2;SMARCE1;WWOX;CDKN2A;USP9X;STAT1;NR1H4;MRE11A;PTPN11;MLH1;TBX5;LRPPRC;GATAD2B;PSMB8;MTOR;SKI;RAD50;CENPJ;IL2RA;ERCC2;SPAG1;FAS;KRAS;B9D2","ENSG00000049768;ENST00000310775;ENSG00000108821;ENSG00000164093;ENSG00000137745;ENSG00000158169;ENSG00000136573;ENSG00000159216;ENSG00000171862;ENSG00000003400;ENSG00000140525;ENSG00000141736;ENSG00000048392;ENSG00000106366;ENSG00000012048;ENST00000357654;ENSG00000130489;ENSG00000104419;ENSG00000137834;ENST00000345365;ENSG00000144554;ENSG00000101384;ENST00000278616;ENSG00000095002;ENSG00000144381;ENSG00000026103;ENSG00000076242;ENSG00000113594;ENSG00000005961;ENSG00000175206;ENST00000371953;ENSG00000122512;ENSG00000146648;ENSG00000124813;ENST00000419585;ENSG00000101773;ENSG00000185379;ENSG00000149311;ENSG00000141510;ENSG00000163501;ENSG00000157404;ENSG00000175054;ENST00000579755;ENST00000350721;ENSG00000197822;ENSG00000147889;ENSG00000134460;ENST00000344691;ENSG00000185245;ENSG00000091106","R-HSA-8936584;R-HSA-8878212;R-HSA-9007759;R-HSA-8939904;R-HSA-8939929;R-HSA-6806394;R-HSA-6806392;R-HSA-8936599;R-HSA-8936616;R-HSA-8869542;R-HSA-5632887;R-HSA-8936621;R-HSA-8937134;R-HSA-8936608;R-HSA-5632892;R-HSA-8939938;R-HSA-8935864;R-HSA-8869558;R-HSA-9009085;R-HSA-8864690;R-HSA-8878257;R-HSA-8878013;R-HSA-8936628;R-HSA-8878266;R-HSA-8864698;R-HSA-8878023;R-HSA-8938440;R-HSA-6797606;R-HSA-8864453;R-HSA-8985293;R-HSA-9016526;R-HSA-8864718;R-HSA-9008345;R-HSA-8864466;R-HSA-6797616;R-HSA-5633295;R-HSA-6798139;R-HSA-6798138;R-HSA-8938965;R-HSA-8864729;R-HSA-6801415;R-HSA-8938987;R-HSA-8940001;R-HSA-8940007;R-HSA-8935930;R-HSA-9007615;R-HSA-5633314;R-HSA-9007605;R-HSA-9007606;R-HSA-8938487;R-HSA-9007625;R-HSA-2318752;R-HSA-8938507;R-HSA-6804194;R-HSA-8940032;R-HSA-8865547;R-HSA-8865546;R-HSA-8985627;R-HSA-8952081;R-HSA-6799815;R-HSA-8874789;R-HSA-5632759;R-HSA-8935980;R-HSA-8985644;R-HSA-8934688;R-HSA-8936481;R-HSA-8934690;R-HSA-8874797;R-HSA-5632766;R-HSA-6801355;R-HSA-8952101;R-HSA-5632993;R-HSA-8935740;R-HSA-8935730;R-HSA-6804188;R-HSA-8935731;R-HSA-8935988;R-HSA-2032800;R-HSA-8877391;R-HSA-8877385;R-HSA-9007686;R-HSA-9007707;R-HSA-8877396;R-HSA-2321904;R-HSA-8935766;R-HSA-8935785;R-HSA-6806405;R-HSA-6800001;R-HSA-6806413;R-HSA-6806412;R-HSA-8951910;R-HSA-6806408;R-HSA-8939129;R-HSA-8936058;R-HSA-8939900;R-HSA-6806419;R-HSA-8878193;R-HSA-6797712;R-HSA-2106586;R-HSA-6806425;R-HSA-5632939;R-HSA-8951926"
R-HSA-74160,"Gene expression (Transcription)",50,176,0.2077922077922078,1.0,1.0,102,361,0.31862312444836716,9606,Homo sapiens,"RB1;SMARCB1;TACO1;ITGA2B;SERPINE1;IHH;RAX;EHMT1;NR3C1;ACTB;ACTG1;NR3C2;STK11;PPP2R1A;AKT2;CHEK2;NPPA;EP300;AKT1;SOX9;NBN;PITX2;PTRF;TP63;MEN1;G6PD;G6PC;MSX2;TSC2;LIFR;TSC1;DICER1;FOXP3;RUNX2;COX6B1;RUNX1;AR;MSH2;SCO1;FANCD2;SCO2;KAT6A;DNA2;TP53;NOTCH2;BLK;KMT2D;NOTCH3;DNMT1;BLM;SLC22A5;NOTCH1;KMT2A;MAX;TWIST1;GATA4;GATA3;GATA2;AAAS;NDRG1;GATA1;BRIP1;ABL1;NKX2-5;FANCI;BARD1;TFAP2B;SMAD4;CREBBP;SURF1;TGFB1;BRPF1;JAG1;SMAD3;AUTS2;VDR;ESRRB;UPF3B;FANCC;NR0B1;SMAD6;SMARCA2;SMARCA4;COL1A1;OCLN;BMP2;CDK4;CYCS;ATM;TCF4;SP7;CDK13;BAP1;ATR;COX20;EZH2;GPI;CDKN1B;THRB;PTEN;CHM;PRKAG2;BRCA1;TAZ;NR2E3;CDC73;GLI3;GLI2;MED12;SNAPC5;CASP10;HNF4A;CTSK;ZNF41;DNMT3B;UBTF;TGIF1;ADSL;DNMT3A;GP1BA;ARID1A;ARID1B;NR5A1;MED25;RAD51D;MMP13;RRM2B;KIT;POLR1C;PPARG;RAPSN;NFIX;CTDP1;SATB2;NLRC4;EGFR;HSPD1;WRN;TAF1C;ERBB2;RBBP8;PMS2;RANBP2;SMARCE1;WWOX;CDKN2A;USP9X;STAT1;NR1H4;MRE11A;PTPN11;MLH1;TBX5;LRPPRC;GATAD2B;PSMB8;MTOR;SKI;RAD50;POLR3A;POLR3B;PRKRA;CENPJ;IL2RA;ERCC2;SPAG1;FAS;KRAS;B9D2;ERCC6","ENSG00000049768;ENST00000310775;ENSG00000108821;ENSG00000164093;ENSG00000137745;ENSG00000158169;ENSG00000136573;ENSG00000159216;ENSG00000171862;ENSG00000003400;ENSG00000140525;ENSG00000141736;ENSG00000048392;ENSG00000106366;ENSG00000012048;ENST00000357654;ENSG00000130489;ENSG00000104419;ENSG00000137834;ENST00000345365;ENSG00000144554;ENSG00000101384;ENST00000278616;ENSG00000095002;ENSG00000144381;ENSG00000026103;ENSG00000076242;ENSG00000113594;ENSG00000005961;ENSG00000175206;ENST00000371953;ENSG00000122512;ENSG00000146648;ENSG00000124813;ENST00000419585;ENSG00000101773;ENSG00000185379;ENSG00000149311;ENSG00000141510;ENSG00000163501;ENSG00000157404;ENSG00000175054;ENST00000579755;ENST00000350721;ENSG00000197822;ENSG00000147889;ENSG00000134460;ENST00000344691;ENSG00000185245;ENSG00000091106","R-HSA-8936584;R-HSA-8878212;R-HSA-9007759;R-HSA-8939904;R-HSA-8939929;R-HSA-6806394;R-HSA-6806392;R-HSA-8936599;R-HSA-8936616;R-HSA-8869542;R-HSA-5632887;R-HSA-8936621;R-HSA-8937134;R-HSA-8936608;R-HSA-5632892;R-HSA-8939938;R-HSA-8935864;R-HSA-8869558;R-HSA-9009085;R-HSA-8864690;R-HSA-8878257;R-HSA-8878013;R-HSA-8936628;R-HSA-8878266;R-HSA-8864698;R-HSA-8878023;R-HSA-8938440;R-HSA-6797606;R-HSA-8864453;R-HSA-8985293;R-HSA-9016526;R-HSA-8864718;R-HSA-9008345;R-HSA-8864466;R-HSA-6797616;R-HSA-5633295;R-HSA-6798139;R-HSA-6798138;R-HSA-8938965;R-HSA-8864729;R-HSA-6801415;R-HSA-8938987;R-HSA-8940001;R-HSA-8940007;R-HSA-8935930;R-HSA-9007615;R-HSA-5633314;R-HSA-9007605;R-HSA-9007606;R-HSA-8938487;R-HSA-9007625;R-HSA-2318752;R-HSA-8938507;R-HSA-6804194;R-HSA-8940032;R-HSA-8865547;R-HSA-8865546;R-HSA-8985627;R-HSA-8952081;R-HSA-6799815;R-HSA-8874789;R-HSA-5632759;R-HSA-8935980;R-HSA-8985644;R-HSA-8934688;R-HSA-8936481;R-HSA-8934690;R-HSA-8874797;R-HSA-5632766;R-HSA-6801355;R-HSA-8952101;R-HSA-5632993;R-HSA-8935740;R-HSA-8935730;R-HSA-6804188;R-HSA-8935731;R-HSA-8935988;R-HSA-2032800;R-HSA-8877391;R-HSA-8877385;R-HSA-9007686;R-HSA-9007707;R-HSA-8877396;R-HSA-2321904;R-HSA-8935766;R-HSA-8935785;R-HSA-6806405;R-HSA-6800001;R-HSA-6806413;R-HSA-6806412;R-HSA-8951910;R-HSA-6806408;R-HSA-8939129;R-HSA-8936058;R-HSA-8939900;R-HSA-6806419;R-HSA-8878193;R-HSA-6797712;R-HSA-2106586;R-HSA-6806425;R-HSA-5632939;R-HSA-8951926"
R-HSA-8953854,"Metabolism of RNA",1,53,0.06257378984651712,1.0,1.0,1,18,0.01588702559576346,9606,Homo sapiens,"RPL5;TRMU;HNRNPU;HSPB1;ADAR;TSEN2;MTO1;ACTB;TSEN54;PQBP1;EFTUD2;GLE1;RPS19;PPP2R1A;DBT;AKT1;TTC37;WDR36;G6PC;ELAC2;PUS1;NSUN2;TRNT1;DKC1;NHP2;HNRNPH2;SIK1;SNRNP200;RAPSN;SF3B4;TSEN34;RPL11;PARN;AAAS;HSD17B10;PRPF8;PUF60;EXOSC8;EXOSC3;RANBP2;FUS;RPL35A;UPF3B;ADAT3;PSMB8;RPS26;QARS;HNRNPA2B1;ERCC2;SPAG1;SKIV2L;PRPF31;NOP10;RPS24","ENST00000331789","R-HSA-428296"
